hashtag	count	last_usage
#vivoazzurro	960	2021-07-19T21:54:37.000Z
#azzurri	268	2021-07-19T21:19:24.000Z
#ita	240	2021-07-19T21:46:24.000Z
#mancini	215	2021-07-19T21:25:00.000Z
#rinascimentoazzurro	186	2021-07-19T21:19:24.000Z
#insigne	167	2021-07-19T21:19:24.000Z
#eng	128	2021-07-19T21:52:12.000Z
#euro2020final	69	2021-07-19T21:46:23.000Z
#olimpiadetokyo2020	60	2021-07-19T21:56:16.000Z
#italy	59	2021-07-19T21:17:40.000Z
#football	55	2021-07-19T21:42:32.000Z
#covid19	51	2021-07-19T21:41:42.000Z
#england	33	2021-07-19T21:17:40.000Z
#italiainghilterra	22	2021-07-19T21:17:40.000Z
#engden	17	2021-07-19T21:18:16.000Z
#freeiptv	12	2021-07-19T21:59:39.000Z
#iptvsports	12	2021-07-19T21:59:39.000Z
#iptvlist	12	2021-07-19T21:59:39.000Z
#freetv	12	2021-07-19T21:59:39.000Z
#iptv	12	2021-07-19T21:59:39.000Z
#goaltoken	8	2021-07-19T21:42:59.000Z
#nft	8	2021-07-19T21:42:59.000Z
#footballerttoken	7	2021-07-19T21:42:59.000Z
#binancesmartchain	7	2021-07-19T21:42:59.000Z
#euro96	4	2021-07-19T21:04:28.000Z
#nasa	3	2021-07-19T21:18:16.000Z
#jews	3	2021-07-19T21:18:16.000Z
#ilonmask	3	2021-07-19T21:18:16.000Z
#catsoftwitter	3	2021-07-19T21:18:16.000Z
#uap	3	2021-07-19T21:18:16.000Z
#vivo	3	2021-07-19T21:13:31.000Z
#ufo	3	2021-07-19T21:18:16.000Z
#juve	3	2021-07-19T21:39:07.000Z
#islam	3	2021-07-19T21:18:16.000Z
#leadership	3	2021-07-19T21:58:27.000Z
#den	3	2021-07-19T21:52:12.000Z
#spor	3	2021-07-19T21:56:49.000Z
#cryptocurrency	3	2021-07-19T21:18:16.000Z
#eredivisie	3	2021-07-19T21:35:56.000Z
#muslim	3	2021-07-19T21:18:16.000Z
#tiktok	3	2021-07-19T21:18:16.000Z
#independenceday	3	2021-07-19T21:18:16.000Z
#dancebyshotaroofnct	3	2021-07-19T21:18:16.000Z
#sugardaddyneededasap	3	2021-07-19T21:18:16.000Z
#austriangp	3	2021-07-19T21:18:16.000Z
#war	3	2021-07-19T21:18:16.000Z
#acab	3	2021-07-19T21:18:16.000Z
#blm	3	2021-07-19T21:18:16.000Z
#metoo	3	2021-07-19T21:18:16.000Z
#hamas	3	2021-07-19T21:18:16.000Z
#judaism	3	2021-07-19T21:18:16.000Z
#un	3	2021-07-19T21:18:16.000Z
#drugs	3	2021-07-19T21:18:16.000Z
#rfid	3	2021-07-19T21:18:16.000Z
#covid19vaccination	3	2021-07-19T21:18:16.000Z
#vaccine	3	2021-07-19T21:18:16.000Z
#covid19nsw	3	2021-07-19T21:18:16.000Z
#isis	3	2021-07-19T21:18:16.000Z
#thfc	2	2021-07-19T21:03:22.000Z
#spurs	2	2021-07-19T21:03:22.000Z
#europaleague	2	2021-07-19T21:29:07.000Z
#19luglio	2	2021-07-19T21:34:28.000Z
#championsleague	2	2021-07-19T21:29:07.000Z
#itscominghome	2	2021-07-19T21:39:44.000Z
#nuno	2	2021-07-19T21:03:22.000Z
#cum	2	2021-07-19T21:57:47.000Z
#copaamerica	2	2021-07-19T21:33:52.000Z
#lb19	2	2021-07-19T21:54:37.000Z
#forcedbreeding	2	2021-07-19T21:57:47.000Z
#anderton	2	2021-07-19T21:03:22.000Z
#forcedorgasm	2	2021-07-19T21:57:47.000Z
#mbappe	2	2021-07-19T21:40:22.000Z
#sexy	2	2021-07-19T21:57:47.000Z
#kane	2	2021-07-19T21:03:22.000Z
#jailbait	2	2021-07-19T21:57:47.000Z
#primapagina	2	2021-07-19T21:37:34.000Z
#inspiration	2	2021-07-19T21:11:58.000Z
#eurofinal	2	2021-07-19T21:39:44.000Z
#onlyfans	2	2021-07-19T21:57:47.000Z
#sellingpics	2	2021-07-19T21:57:47.000Z
#france	2	2021-07-19T21:14:41.000Z
#buyingpics	2	2021-07-19T21:57:47.000Z
#theking	1	2021-07-19T21:14:41.000Z
#azerbaijan	1	2021-07-19T21:53:23.000Z
#sunday	1	2021-07-19T21:14:41.000Z
#cnatona_276	1	2021-07-19T21:14:41.000Z
#ericcantona	1	2021-07-19T21:14:41.000Z
#rome	1	2021-07-19T21:14:41.000Z
#mi	1	2021-07-19T21:14:41.000Z
#saturday	1	2021-07-19T21:14:41.000Z
#azerbaijani	1	2021-07-19T21:53:23.000Z
#azerbaijantv	1	2021-07-19T21:53:23.000Z
#thailand	1	2021-07-19T21:54:22.000Z
#thailandtv	1	2021-07-19T21:54:22.000Z
#thailandiptv	1	2021-07-19T21:54:22.000Z
#vietnam	1	2021-07-19T21:55:10.000Z
#vietnamese	1	2021-07-19T21:55:10.000Z
#vietnamtv	1	2021-07-19T21:55:10.000Z
#vietnamiptv	1	2021-07-19T21:55:10.000Z
#israel	1	2021-07-19T21:55:33.000Z
#israeli	1	2021-07-19T21:55:33.000Z
#israeltv	1	2021-07-19T21:55:33.000Z
#italia	1	2021-07-19T21:54:06.000Z
#israeliptv	1	2021-07-19T21:55:33.000Z
#notteazzurra	1	2021-07-19T21:34:28.000Z
#bet365	1	2021-07-19T21:29:07.000Z
#hungary	1	2021-07-19T21:59:39.000Z
#11luglio	1	2021-07-19T21:34:28.000Z
#itaeng	1	2021-07-19T21:50:48.000Z
#freeshipping	1	2021-07-19T21:04:42.000Z
#gifts	1	2021-07-19T21:04:42.000Z
#paris	1	2021-07-19T21:14:41.000Z
#wimb	1	2021-07-19T21:11:43.000Z
#summergift	1	2021-07-19T21:04:42.000Z
#premierleague	1	2021-07-19T21:29:07.000Z
#afghan	1	2021-07-19T21:55:56.000Z
#rashfordsanchosaka	1	2021-07-19T21:21:29.000Z
#vialli	1	2021-07-19T21:26:02.000Z
#safemoon	1	2021-07-19T21:24:07.000Z
#benzema	1	2021-07-19T21:28:07.000Z
#aritmodelcuore	1	2021-07-19T21:57:38.000Z
#mondaymood	1	2021-07-19T21:57:38.000Z
#happynewweek	1	2021-07-19T21:57:38.000Z
#futbol	1	2021-07-19T21:56:20.000Z
#uefa	1	2021-07-19T21:25:29.000Z
#london	1	2021-07-19T21:14:41.000Z
#temptationisland	1	2021-07-19T21:34:28.000Z
#btc	1	2021-07-19T21:29:07.000Z
#psg	1	2021-07-19T21:40:22.000Z
#seriea	1	2021-07-19T21:29:07.000Z
#formula1	1	2021-07-19T21:58:27.000Z
#skybet	1	2021-07-19T21:29:07.000Z
#vintage	1	2021-07-19T21:04:42.000Z
#afghanistan	1	2021-07-19T21:55:56.000Z
#turkish	1	2021-07-19T21:58:37.000Z
#afghantv	1	2021-07-19T21:55:56.000Z
#spainpoland	1	2021-07-19T21:03:02.000Z
#euro2016	1	2021-07-19T21:25:29.000Z
#databreach	1	2021-07-19T21:25:14.000Z
#dataleak	1	2021-07-19T21:25:14.000Z
#hackers	1	2021-07-19T21:25:14.000Z
#hacker	1	2021-07-19T21:25:14.000Z
#cybersecurity	1	2021-07-19T21:25:14.000Z
#cybercrime	1	2021-07-19T21:25:14.000Z
#madeinitaly	1	2021-07-19T21:25:14.000Z
#vaccinobligatoire	1	2021-07-19T21:21:37.000Z
#enuncevonnosta	1	2021-07-19T21:17:40.000Z
#60	1	2021-07-19T21:17:31.000Z
#eurocopa	1	2021-07-19T21:17:31.000Z
#training	1	2021-07-19T21:16:47.000Z
#defibrillator	1	2021-07-19T21:16:47.000Z
#christianeriksen	1	2021-07-19T21:16:47.000Z
#uif	1	2021-07-19T21:09:50.000Z
#pixarluca	1	2021-07-19T21:09:50.000Z
#deletetheapp	1	2021-07-19T21:06:21.000Z
#novaccinepassportsanywhere	1	2021-07-19T21:06:21.000Z
#braveheart	1	2021-07-19T21:06:17.000Z
#sandwichtins	1	2021-07-19T21:04:42.000Z
#ronaldo	1	2021-07-19T21:28:07.000Z
#sportpesa	1	2021-07-19T21:29:07.000Z
#bet9ja	1	2021-07-19T21:29:07.000Z
#antivaxx	1	2021-07-19T21:41:42.000Z
#sirlewis	1	2021-07-19T21:58:27.000Z
#forc	1	2021-07-19T21:54:11.000Z
#flagge	1	2021-07-19T21:50:48.000Z
#teamspirit	1	2021-07-19T21:48:15.000Z
#bangladesh	1	2021-07-19T21:47:22.000Z
#restorethewhip	1	2021-07-19T21:47:22.000Z
#kdb	1	2021-07-19T21:43:48.000Z
#antimask	1	2021-07-19T21:41:42.000Z
#antivaxxers	1	2021-07-19T21:41:42.000Z
#tancredi	1	2021-07-19T21:41:32.000Z
#earnmoney	1	2021-07-19T21:29:07.000Z
#eurocopa2021	1	2021-07-19T21:39:44.000Z
#porn	1	2021-07-19T21:39:44.000Z
#booty	1	2021-07-19T21:39:44.000Z
#gbv	1	2021-07-19T21:35:30.000Z
#12luglio	1	2021-07-19T21:34:28.000Z
#sanfederico	1	2021-07-19T21:34:28.000Z
#bernaweddingday	1	2021-07-19T21:34:28.000Z
#allegri	1	2021-07-19T21:34:28.000Z
#italiacampionedeuropaemozionifiera	1	2021-07-19T21:34:28.000Z
#lewandow	1	2021-07-19T21:03:02.000Z
#polen	1	2021-07-19T21:03:02.000Z
#afghaniptv	1	2021-07-19T21:55:56.000Z
#morata	1	2021-07-19T21:03:02.000Z
#czechrepublic	1	2021-07-19T21:59:08.000Z
#turkishgp	1	2021-07-19T21:58:37.000Z
#turkishiptv	1	2021-07-19T21:58:37.000Z
#turkishtv	1	2021-07-19T21:58:37.000Z
#turkeyiptv	1	2021-07-19T21:58:37.000Z
#turkeytv	1	2021-07-19T21:58:37.000Z
#turkey	1	2021-07-19T21:58:37.000Z
#chinaiptv	1	2021-07-19T21:57:55.000Z
#chinatv	1	2021-07-19T21:57:55.000Z
#china	1	2021-07-19T21:57:55.000Z
#koreaniptv	1	2021-07-19T21:57:19.000Z
#koreantv	1	2021-07-19T21:57:19.000Z
#korea	1	2021-07-19T21:57:19.000Z
#korean	1	2021-07-19T21:57:19.000Z
#urduiptv	1	2021-07-19T21:56:54.000Z
#urdutv	1	2021-07-19T21:56:54.000Z
#urdu	1	2021-07-19T21:56:54.000Z
#iraniptv	1	2021-07-19T21:56:23.000Z
#irantv	1	2021-07-19T21:56:23.000Z
#iranian	1	2021-07-19T21:56:23.000Z
#iran	1	2021-07-19T21:56:23.000Z
#czech	1	2021-07-19T21:59:08.000Z
#czechtv	1	2021-07-19T21:59:08.000Z
#czechiptv	1	2021-07-19T21:59:08.000Z
#nba	1	2021-07-19T21:42:32.000Z
#spapol	1	2021-07-19T21:03:02.000Z
#americ	1	2021-07-19T21:12:50.000Z
#cruzazul	1	2021-07-19T21:12:50.000Z
#ligamx	1	2021-07-19T21:12:50.000Z
#felizviernes	1	2021-07-19T21:12:50.000Z
#ultimora	1	2021-07-19T21:25:00.000Z
#spinazzola	1	2021-07-19T21:38:01.000Z
#bernardeschi	1	2021-07-19T21:34:28.000Z
#laliga	1	2021-07-19T21:29:07.000Z
#men	1	2021-07-19T21:42:32.000Z
#hungarian	1	2021-07-19T21:59:39.000Z
#fifa	1	2021-07-19T21:42:32.000Z
#ukfootball	1	2021-07-19T21:39:44.000Z
#englandfootball	1	2021-07-19T21:39:44.000Z
#belita	1	2021-07-19T21:15:11.000Z
#otd	1	2021-07-19T21:16:23.000Z
#hungarianiptv	1	2021-07-19T21:59:39.000Z
#hungariantv	1	2021-07-19T21:59:39.000Z
#hungaryiptv	1	2021-07-19T21:59:39.000Z
#hungarytv	1	2021-07-19T21:59:39.000Z
#engcro	1	2021-07-19T21:26:16.000Z
#miercoles	1	2021-07-19T21:58:57.000Z
#tokyo2020	1	2021-07-19T21:43:56.000Z
#threelions	1	2021-07-19T21:08:37.000Z
#italiacampionedeuropa	1	2021-07-19T21:17:40.000Z
#deltavariant	0	2021-07-19T15:16:11.000Z
#fifa20	0	2021-07-19T15:16:17.000Z
#frasui	0	2021-07-19T15:20:43.000Z
#em	0	2021-07-19T15:20:43.000Z
#europameisterschaft	0	2021-07-19T15:20:43.000Z
#speechtherapy	0	2021-07-19T15:20:37.000Z
#cosasdehombres	0	2021-07-19T15:14:35.000Z
#rdguk	0	2021-07-19T15:20:00.000Z
#woky	0	2021-07-19T15:20:00.000Z
#wokingham	0	2021-07-19T15:20:00.000Z
#lowerearley	0	2021-07-19T15:20:00.000Z
#hac2021	0	2021-07-19T15:37:31.000Z
#digitalselling	0	2021-07-19T15:19:02.000Z
#socialselling	0	2021-07-19T15:19:02.000Z
#advertising	0	2021-07-19T15:19:02.000Z
#frankreich	0	2021-07-19T15:20:43.000Z
#changemanagement	0	2021-07-19T15:19:02.000Z
#allezparis	0	2021-07-19T15:18:33.000Z
#earthday	0	2021-07-19T15:17:31.000Z
#sla	0	2021-07-19T15:17:30.000Z
#mnd	0	2021-07-19T15:17:30.000Z
#als	0	2021-07-19T15:17:30.000Z
#ela	0	2021-07-19T15:17:30.000Z
#gigio	0	2021-07-19T15:16:26.000Z
#architecture	0	2021-07-19T15:16:21.000Z
#schweiz	0	2021-07-19T15:20:43.000Z
#es	0	2021-07-19T06:27:22.000Z
#maddyfeed	0	2021-07-19T15:14:00.000Z
#petkovic	0	2021-07-19T15:20:43.000Z
#jungkook	0	2021-07-19T15:28:32.000Z
#lem	0	2021-07-19T15:28:32.000Z
#ftx	0	2021-07-19T15:28:32.000Z
#fintech	0	2021-07-19T15:28:32.000Z
#enj	0	2021-07-19T15:28:32.000Z
#investing	0	2021-07-19T15:28:32.000Z
#dogearmy	0	2021-07-19T15:28:32.000Z
#saynot	0	2021-07-19T15:25:10.000Z
#iltempoquotidian	0	2021-07-19T15:23:45.000Z
#3luglio	0	2021-07-19T15:23:45.000Z
#sabrinasalerno	0	2021-07-19T15:23:45.000Z
#twitterfriends	0	2021-07-19T19:37:08.000Z
#innovazione	0	2021-07-19T15:22:04.000Z
#revolut	0	2021-07-19T15:22:04.000Z
#softbank	0	2021-07-19T15:22:04.000Z
#startup	0	2021-07-19T15:22:04.000Z
#dati	0	2021-07-19T16:25:06.000Z
#leaksoftheweek	0	2021-07-19T16:25:06.000Z
#breaking	0	2021-07-19T15:21:03.000Z
#noicisiamo	0	2021-07-19T15:21:02.000Z
#sivainfinale	0	2021-07-19T15:21:02.000Z
#goodgame	0	2021-07-19T15:21:02.000Z
#yannsommer	0	2021-07-19T15:20:43.000Z
#xhaka	0	2021-07-19T15:20:43.000Z
#greatbritain	0	2021-07-19T15:10:47.000Z
#nufc	0	2021-07-19T15:08:27.000Z
#eurocup2020	0	2021-07-19T14:55:28.000Z
#pridemonth	0	2021-07-19T14:42:10.000Z
#eurosotm	0	2021-07-19T14:34:46.000Z
#sh	0	2021-07-19T14:34:18.000Z
#colosseo	0	2021-07-19T14:27:33.000Z
#iloveroma	0	2021-07-19T14:27:33.000Z
#m	0	2021-07-19T14:27:28.000Z
#cocacola	0	2021-07-19T20:26:00.000Z
#gifs	0	2021-07-19T18:44:42.000Z
#mintable	0	2021-07-19T18:44:42.000Z
#nftcollection	0	2021-07-19T18:44:42.000Z
#dfb	0	2021-07-19T14:26:15.000Z
#directv	0	2021-07-19T14:24:59.000Z
#18luglio	0	2021-07-19T14:22:23.000Z
#britishgrandprix	0	2021-07-19T14:21:59.000Z
#kralbet	0	2021-07-19T14:21:20.000Z
#beautifuleducationand	0	2021-07-19T14:20:43.000Z
#lukaku	0	2021-07-19T17:36:03.000Z
#italiabelgio	0	2021-07-19T17:23:48.000Z
#storia	0	2021-07-19T14:19:46.000Z
#wimbledon2021	0	2021-07-19T14:19:46.000Z
#berrettini	0	2021-07-19T14:19:46.000Z
#vaccinoanticovid	0	2021-07-19T14:19:46.000Z
#speranza	0	2021-07-19T14:19:46.000Z
#shibainu	0	2021-07-19T14:44:08.000Z
#indenmedien	0	2021-07-19T14:55:55.000Z
#lanaticonvoi	0	2021-07-19T15:05:07.000Z
#em2020	0	2021-07-19T14:55:55.000Z
#lanatiavecvous	0	2021-07-19T15:05:07.000Z
#homedcor	0	2021-07-19T15:04:42.000Z
#permissiontodancein1day	0	2021-07-19T15:04:32.000Z
#rap	0	2021-07-19T15:02:58.000Z
#winner	0	2021-07-19T15:02:58.000Z
#worldemojiday	0	2021-07-19T15:02:58.000Z
#dejavubytdb	0	2021-07-19T15:02:58.000Z
#cubana	0	2021-07-19T15:02:58.000Z
#cardib	0	2021-07-19T15:02:58.000Z
#chefchi	0	2021-07-19T16:37:26.000Z
#davido	0	2021-07-19T16:37:26.000Z
#eurotrophytour	0	2021-07-19T15:02:56.000Z
#youtubeshorts	0	2021-07-19T15:16:10.000Z
#shefromitalia	0	2021-07-19T19:29:07.000Z
#shorts	0	2021-07-19T19:29:07.000Z
#wm1966	0	2021-07-19T15:00:01.000Z
#netflix	0	2021-07-19T14:59:52.000Z
#tatuaggio	0	2021-07-19T19:24:14.000Z
#tippspiel	0	2021-07-19T14:58:55.000Z
#denmark	0	2021-07-19T16:40:42.000Z
#aleague	0	2021-07-19T14:58:51.000Z
#bundesliga	0	2021-07-19T14:58:51.000Z
#italiantv	0	2021-07-19T13:21:48.000Z
#cat	0	2021-07-19T17:23:46.000Z
#ada	0	2021-07-19T15:28:32.000Z
#governodraghi	0	2021-07-19T14:19:46.000Z
#cfc	0	2021-07-19T20:54:34.000Z
#antiracist	0	2021-07-19T16:10:16.000Z
#lovealwayswins	0	2021-07-19T16:10:16.000Z
#ally	0	2021-07-19T16:10:16.000Z
#antiracism	0	2021-07-19T16:10:16.000Z
#celebritygogglebox	0	2021-07-19T16:04:52.000Z
#gogglebox	0	2021-07-19T16:04:52.000Z
#cabinmusicbox	0	2021-07-19T16:04:41.000Z
#eurocup	0	2021-07-19T20:36:35.000Z
#wifebeating	0	2021-07-19T16:03:27.000Z
#maleviolence	0	2021-07-19T16:03:27.000Z
#2021	0	2021-07-19T16:02:56.000Z
#shade	0	2021-07-19T16:00:24.000Z
#icon	0	2021-07-19T15:28:32.000Z
#francetv	0	2021-07-19T13:21:28.000Z
#birianiulaya	0	2021-07-19T16:00:20.000Z
#stardom	0	2021-07-19T15:59:53.000Z
#brex	0	2021-07-19T17:02:02.000Z
#franceiptv	0	2021-07-19T13:21:28.000Z
#wearesoccer	0	2021-07-19T15:56:59.000Z
#engvitaly	0	2021-07-19T15:56:59.000Z
#sad	0	2021-07-19T15:57:46.000Z
#royals	0	2021-07-19T15:57:46.000Z
#canwegohome	0	2021-07-19T15:57:46.000Z
#unfortunate	0	2021-07-19T15:57:46.000Z
#liger	0	2021-07-19T19:46:07.000Z
#schlefaz	0	2021-07-19T16:07:00.000Z
#standuptoracism	0	2021-07-19T16:10:16.000Z
#apartheid	0	2021-07-19T19:37:39.000Z
#semifinali	0	2021-07-19T16:24:44.000Z
#pain	0	2021-07-19T16:24:07.000Z
#greenpass	0	2021-07-19T16:20:56.000Z
#macron	0	2021-07-19T16:20:56.000Z
#hogeeverywere	0	2021-07-19T16:20:48.000Z
#bullish	0	2021-07-19T16:20:48.000Z
#vaccinepassports	0	2021-07-19T16:19:02.000Z
#gbnews	0	2021-07-19T16:19:02.000Z
#c4news	0	2021-07-19T16:19:02.000Z
#skynews	0	2021-07-19T16:19:02.000Z
#bbcnews	0	2021-07-19T20:34:33.000Z
#downingstreetbriefing	0	2021-07-19T16:19:02.000Z
#silverstonegp	0	2021-07-19T16:19:02.000Z
#kadaikutty	0	2021-07-19T16:18:36.000Z
#ch	0	2021-07-19T19:18:17.000Z
#goviral	0	2021-07-19T16:11:07.000Z
#follo	0	2021-07-19T16:11:07.000Z
#frenchgp	0	2021-07-19T13:21:28.000Z
#makethisviral	0	2021-07-19T16:11:07.000Z
#viral	0	2021-07-19T16:11:07.000Z
#pourtoi	0	2021-07-19T16:11:07.000Z
#foryou	0	2021-07-19T16:11:07.000Z
#humanrights	0	2021-07-19T19:37:39.000Z
#museum	0	2021-07-19T15:57:46.000Z
#symbolstone	0	2021-07-19T15:57:46.000Z
#pictland	0	2021-07-19T15:57:46.000Z
#oxforduni	0	2021-07-19T17:40:48.000Z
#sculpture	0	2021-07-19T17:40:48.000Z
#art	0	2021-07-19T17:40:48.000Z
#oxfordstudents	0	2021-07-19T17:40:48.000Z
#oxfordunilife	0	2021-07-19T17:40:48.000Z
#n	0	2021-07-19T15:39:39.000Z
#europeo	0	2021-07-19T18:31:39.000Z
#williamekate	0	2021-07-19T15:38:34.000Z
#princewilliam	0	2021-07-19T15:38:05.000Z
#englandracism	0	2021-07-19T15:38:05.000Z
#royalfamilyisracist	0	2021-07-19T15:38:05.000Z
#racistroyalfamily	0	2021-07-19T15:38:05.000Z
#racistengland	0	2021-07-19T15:38:05.000Z
#princewilliamisaracist	0	2021-07-19T15:38:05.000Z
#camillatomineyisabigliar	0	2021-07-19T15:38:05.000Z
#camillatomineyisaliar	0	2021-07-19T15:38:05.000Z
#bodypaint	0	2021-07-19T15:34:59.000Z
#justkidding	0	2021-07-19T15:33:40.000Z
#xrp	0	2021-07-19T15:32:45.000Z
#vlive	0	2021-07-19T15:32:45.000Z
#zorlamaerdogan	0	2021-07-19T15:32:45.000Z
#thedeviljudgeep6	0	2021-07-19T15:32:45.000Z
#boyfrombrent	0	2021-07-19T17:10:42.000Z
#jk	0	2021-07-19T15:28:32.000Z
#city	0	2021-07-19T17:40:48.000Z
#exetercollege	0	2021-07-19T17:40:48.000Z
#archaeology	0	2021-07-19T15:57:46.000Z
#londonbeautifullife	0	2021-07-19T17:40:48.000Z
#picts	0	2021-07-19T15:57:46.000Z
#iltorneodellesorprese	0	2021-07-19T15:53:19.000Z
#it	0	2021-07-19T16:02:08.000Z
#goat	0	2021-07-19T15:52:35.000Z
#redknapp	0	2021-07-19T15:51:43.000Z
#interview	0	2021-07-19T15:51:43.000Z
#efl	0	2021-07-19T15:51:43.000Z
#imaceleb	0	2021-07-19T15:51:43.000Z
#frenchtv	0	2021-07-19T13:21:28.000Z
#westham	0	2021-07-19T15:51:43.000Z
#afcb	0	2021-07-19T15:51:43.000Z
#team	0	2021-07-19T15:51:43.000Z
#season	0	2021-07-19T15:51:43.000Z
#honestinterview	0	2021-07-19T15:50:11.000Z
#epl	0	2021-07-19T17:33:45.000Z
#garethsouthgate	0	2021-07-19T15:50:11.000Z
#tottenhamhotspur	0	2021-07-19T15:50:11.000Z
#harrykane	0	2021-07-19T18:44:43.000Z
#frenchiptv	0	2021-07-19T13:21:28.000Z
#italian	0	2021-07-19T13:21:48.000Z
#museums	0	2021-07-19T17:40:48.000Z
#oxforduniversity	0	2021-07-19T17:40:48.000Z
#globalbeautifullife	0	2021-07-19T17:40:48.000Z
#pianovaccinale	0	2021-07-19T14:19:46.000Z
#governo	0	2021-07-19T14:19:46.000Z
#ether	0	2021-07-19T16:24:50.000Z
#wetten	0	2021-07-19T13:16:03.000Z
#coys	0	2021-07-19T06:06:43.000Z
#english	0	2021-07-19T13:22:13.000Z
#englishtv	0	2021-07-19T13:22:13.000Z
#englishiptv	0	2021-07-19T13:22:13.000Z
#uk	0	2021-07-19T13:22:13.000Z
#sportwetten	0	2021-07-19T13:16:03.000Z
#deutschland	0	2021-07-19T13:16:03.000Z
#wetttipps	0	2021-07-19T13:16:03.000Z
#fuballwetten	0	2021-07-19T13:16:03.000Z
#fuball	0	2021-07-19T13:16:03.000Z
#glcksspiel	0	2021-07-19T13:16:03.000Z
#blackjack	0	2021-07-19T13:16:03.000Z
#weeken	0	2021-07-19T19:57:27.000Z
#usdt	0	2021-07-19T13:16:03.000Z
#eth	0	2021-07-19T18:44:42.000Z
#uktv	0	2021-07-19T13:22:13.000Z
#ukiptv	0	2021-07-19T13:22:13.000Z
#englandvsitaly	0	2021-07-19T18:27:43.000Z
#englandvdenmark	0	2021-07-19T20:47:45.000Z
#englandtv	0	2021-07-19T13:22:13.000Z
#englandiptv	0	2021-07-19T13:22:13.000Z
#crypto	0	2021-07-19T19:57:27.000Z
#louisvuittonxbts	0	2021-07-19T19:57:27.000Z
#exoxtreasure	0	2021-07-19T19:57:27.000Z
#newsbulletin	0	2021-07-19T13:16:24.000Z
#newsbites	0	2021-07-19T13:16:24.000Z
#currentaffairs	0	2021-07-19T13:16:24.000Z
#finance	0	2021-07-19T13:16:24.000Z
#sovranisti	0	2021-07-19T13:33:38.000Z
#mattoncini	0	2021-07-19T13:33:38.000Z
#insm	0	2021-07-19T14:34:43.000Z
#fiersdetrebleus	0	2021-07-19T14:34:43.000Z
#concours	0	2021-07-19T14:34:43.000Z
#baerbock	0	2021-07-19T14:34:43.000Z
#laschet	0	2021-07-19T14:34:43.000Z
#maskenpflicht	0	2021-07-19T14:34:43.000Z
#rmhistory	0	2021-07-19T14:34:43.000Z
#qanon	0	2021-07-19T15:00:24.000Z
#qanonpm	0	2021-07-19T15:00:24.000Z
#insaaf4ssr	0	2021-07-19T15:00:24.000Z
#auspol	0	2021-07-19T15:00:24.000Z
#design	0	2021-07-19T16:43:24.000Z
#eurofin	0	2021-07-19T20:05:22.000Z
#federicochiesa	0	2021-07-19T13:30:00.000Z
#otiraggiro	0	2021-07-19T13:28:43.000Z
#flopxi	0	2021-07-19T13:19:50.000Z
#em-endspiel	0	2021-07-19T13:18:46.000Z
#weatherforecast	0	2021-07-19T13:16:24.000Z
#showbiz	0	2021-07-19T13:16:24.000Z
#derby	0	2021-07-19T13:16:24.000Z
#exchangerates	0	2021-07-19T13:16:24.000Z
#airdrops	0	2021-07-19T19:57:27.000Z
#csgo	0	2021-07-19T13:15:20.000Z
#totalcafcl	0	2021-07-19T14:19:24.000Z
#arabian	0	2021-07-19T13:23:41.000Z
#canadaiptv	0	2021-07-19T13:22:51.000Z
#canadiantv	0	2021-07-19T13:22:51.000Z
#canadianiptv	0	2021-07-19T13:22:51.000Z
#usa	0	2021-07-19T16:40:42.000Z
#usatv	0	2021-07-19T13:23:17.000Z
#usaiptv	0	2021-07-19T13:23:17.000Z
#american	0	2021-07-19T13:23:17.000Z
#americantv	0	2021-07-19T13:23:17.000Z
#americaniptv	0	2021-07-19T13:23:17.000Z
#arab	0	2021-07-19T13:23:41.000Z
#arabtv	0	2021-07-19T13:23:41.000Z
#arabiantv	0	2021-07-19T13:23:41.000Z
#csgoskinsgiveaway	0	2021-07-19T13:15:20.000Z
#arabic	0	2021-07-19T13:23:41.000Z
#arabictv	0	2021-07-19T13:23:41.000Z
#arabiciptv	0	2021-07-19T13:23:41.000Z
#arabiptv	0	2021-07-19T13:23:41.000Z
#world	0	2021-07-19T16:29:22.000Z
#worldtv	0	2021-07-19T13:24:01.000Z
#today	0	2021-07-19T13:24:22.000Z
#worldiptv	0	2021-07-19T13:24:01.000Z
#nattoswap	0	2021-07-19T19:56:12.000Z
#sport	0	2021-07-19T19:37:39.000Z
#loewout	0	2021-07-19T13:10:06.000Z
#canadatv	0	2021-07-19T13:22:51.000Z
#canadian	0	2021-07-19T13:22:51.000Z
#canada	0	2021-07-19T13:22:51.000Z
#griezmann	0	2021-07-19T13:15:58.000Z
#konami	0	2021-07-19T13:15:20.000Z
#xbox	0	2021-07-19T13:15:20.000Z
#trending	0	2021-07-19T15:16:10.000Z
#australia	0	2021-07-19T13:15:20.000Z
#dallas	0	2021-07-19T13:15:20.000Z
#blog	0	2021-07-19T16:33:42.000Z
#twitch	0	2021-07-19T17:38:36.000Z
#liverpool	0	2021-07-19T17:36:03.000Z
#fit	0	2021-07-19T13:15:15.000Z
#yoga	0	2021-07-19T13:15:15.000Z
#cardio	0	2021-07-19T13:15:15.000Z
#brazil	0	2021-07-19T13:22:31.000Z
#brazilian	0	2021-07-19T13:22:31.000Z
#brazilvsargentina	0	2021-07-19T13:22:31.000Z
#belgique	0	2021-07-19T13:14:52.000Z
#braziltv	0	2021-07-19T13:22:31.000Z
#braziliptv	0	2021-07-19T13:22:31.000Z
#braziliantv	0	2021-07-19T13:22:31.000Z
#brazilianiptv	0	2021-07-19T13:22:31.000Z
#foot	0	2021-07-19T13:14:30.000Z
#pogba	0	2021-07-19T15:20:43.000Z
#bleus	0	2021-07-19T13:15:58.000Z
#zidane	0	2021-07-19T13:15:58.000Z
#novax	0	2021-07-19T13:33:38.000Z
#speculatori	0	2021-07-19T13:33:38.000Z
#greepass	0	2021-07-19T13:33:38.000Z
#content	0	2021-07-19T14:05:15.000Z
#sophiedee	0	2021-07-19T14:06:12.000Z
#schlager	0	2021-07-19T14:05:50.000Z
#stefanomaggio	0	2021-07-19T14:05:50.000Z
#xfund	0	2021-07-19T14:05:16.000Z
#banking	0	2021-07-19T14:05:16.000Z
#safeicarus	0	2021-07-19T14:05:16.000Z
#eos	0	2021-07-19T15:28:32.000Z
#gamestop	0	2021-07-19T14:05:16.000Z
#woke	0	2021-07-19T14:05:16.000Z
#ogn	0	2021-07-19T14:05:16.000Z
#bills	0	2021-07-19T14:05:15.000Z
#packers	0	2021-07-19T14:05:15.000Z
#romanewseu	0	2021-07-19T13:36:17.000Z
#cowboys	0	2021-07-19T14:05:15.000Z
#buccaneers	0	2021-07-19T14:05:15.000Z
#raiders	0	2021-07-19T14:05:15.000Z
#eagles	0	2021-07-19T14:05:15.000Z
#steelers	0	2021-07-19T14:05:15.000Z
#seahawks	0	2021-07-19T14:05:15.000Z
#nfl	0	2021-07-19T14:05:15.000Z
#tagnflpodcast	0	2021-07-19T14:05:15.000Z
#kitchenscale	0	2021-07-19T14:04:41.000Z
#allianzarena	0	2021-07-19T14:04:01.000Z
#versus	0	2021-07-19T14:03:54.000Z
#eloraculodelrawk	0	2021-07-19T14:06:12.000Z
#co	0	2021-07-19T14:06:12.000Z
#ajopinion	0	2021-07-19T15:04:50.000Z
#safemoonarmy	0	2021-07-19T16:24:50.000Z
#k	0	2021-07-19T16:33:12.000Z
#nbafinals	0	2021-07-19T14:16:22.000Z
#goldcup21	0	2021-07-19T15:39:39.000Z
#usmnts	0	2021-07-19T15:39:39.000Z
#footballstars	0	2021-07-19T19:10:31.000Z
#soccerislife	0	2021-07-19T14:15:17.000Z
#fitness	0	2021-07-19T14:15:17.000Z
#dbinvest	0	2021-07-19T14:15:17.000Z
#king	0	2021-07-19T14:15:17.000Z
#lionelmessi	0	2021-07-19T14:19:31.000Z
#sange_aaaaaaaaaahh	0	2021-07-19T19:53:30.000Z
#chatseks	0	2021-07-19T19:53:30.000Z
#livebugil	0	2021-07-19T19:53:30.000Z
#vcsbugil	0	2021-07-19T19:53:30.000Z
#malamminggu	0	2021-07-19T19:53:30.000Z
#kmfmnews	0	2021-07-19T18:36:00.000Z
#tiraggir	0	2021-07-19T14:10:22.000Z
#masqu	0	2021-07-19T14:12:52.000Z
#4corners	0	2021-07-19T14:09:44.000Z
#fraall	0	2021-07-19T14:09:44.000Z
#masque	0	2021-07-19T14:09:44.000Z
#frager	0	2021-07-19T14:12:52.000Z
#twitterclarets	0	2021-07-19T14:08:48.000Z
#top10goals	0	2021-07-19T14:03:54.000Z
#nffc	0	2021-07-19T14:02:44.000Z
#nottingham	0	2021-07-19T14:02:44.000Z
#northeast	0	2021-07-19T13:53:05.000Z
#durham	0	2021-07-19T13:53:05.000Z
#apprentice	0	2021-07-19T13:53:05.000Z
#newcastle	0	2021-07-19T13:53:05.000Z
#sunderland	0	2021-07-19T13:53:05.000Z
#rbleipzig	0	2021-07-19T13:49:56.000Z
#kampl	0	2021-07-19T13:49:56.000Z
#olympia	0	2021-07-19T13:49:56.000Z
#lwos	0	2021-07-19T13:47:31.000Z
#austinfc	0	2021-07-19T13:56:11.000Z
#tokio2020	0	2021-07-19T13:52:27.000Z
#studiarenonturismo	0	2021-07-19T13:47:04.000Z
#studiareunanecessit	0	2021-07-19T13:47:04.000Z
#goldman	0	2021-07-19T13:42:46.000Z
#angleterredanemark	0	2021-07-19T13:42:46.000Z
#damsgaard	0	2021-07-19T13:42:46.000Z
#active	0	2021-07-19T13:40:35.000Z
#bit	0	2021-07-19T13:38:55.000Z
#belgio	0	2021-07-19T20:45:11.000Z
#wembleystadium	0	2021-07-19T19:02:31.000Z
#vcscroot	0	2021-07-19T19:53:30.000Z
#nederland	0	2021-07-19T13:37:33.000Z
#belgioitalia	0	2021-07-19T13:36:56.000Z
#italyiptv	0	2021-07-19T13:21:48.000Z
#northumberland	0	2021-07-19T13:53:05.000Z
#schoolleavers2021	0	2021-07-19T13:53:05.000Z
#staffssquad	0	2021-07-19T14:00:25.000Z
#uel	0	2021-07-19T18:12:09.000Z
#5things	0	2021-07-19T14:00:05.000Z
#italianfootbal	0	2021-07-19T13:59:22.000Z
#whitehaven	0	2021-07-19T13:58:53.000Z
#unitedkingdomfootball	0	2021-07-19T13:58:53.000Z
#goalie	0	2021-07-19T13:58:53.000Z
#englandnationalteam	0	2021-07-19T13:58:53.000Z
#vocegiallorossa	0	2021-07-19T13:58:52.000Z
#bayerleverkusen	0	2021-07-19T13:58:09.000Z
#germanfootballclub	0	2021-07-19T13:58:09.000Z
#dutchfootball	0	2021-07-19T13:58:09.000Z
#centreback	0	2021-07-19T13:58:09.000Z
#defensivemidfielder	0	2021-07-19T13:58:09.000Z
#timothyfosumensah	0	2021-07-19T13:58:09.000Z
#amsterdam	0	2021-07-19T13:58:09.000Z
#italianiptv	0	2021-07-19T13:21:48.000Z
#italytv	0	2021-07-19T13:21:48.000Z
#mosaic	0	2021-07-19T13:58:53.000Z
#northof7cards	0	2021-07-19T13:58:53.000Z
#englandvdenmar	0	2021-07-19T13:57:34.000Z
#comeonengland	0	2021-07-19T13:57:34.000Z
#bringithome	0	2021-07-19T13:57:34.000Z
#maradona	0	2021-07-19T13:56:45.000Z
#goretzka	0	2021-07-19T13:55:09.000Z
#safemoonwallet	0	2021-07-19T16:24:50.000Z
#shiba	0	2021-07-19T16:24:50.000Z
#trx	0	2021-07-19T16:24:50.000Z
#persconferentie	0	2021-07-19T19:16:14.000Z
#slotonline	0	2021-07-19T19:21:29.000Z
#kicau4d	0	2021-07-19T19:21:29.000Z
#slotgames	0	2021-07-19T19:21:29.000Z
#slowmotion	0	2021-07-19T19:18:31.000Z
#tornado	0	2021-07-19T19:16:14.000Z
#redtaylorsversion	0	2021-07-19T19:16:14.000Z
#bekelebeke	0	2021-07-19T19:16:14.000Z
#imgfor	0	2021-07-19T19:16:14.000Z
#imgxnct	0	2021-07-19T19:16:14.000Z
#juldanslazizicacamixtape	0	2021-07-19T19:16:14.000Z
#elite4	0	2021-07-19T19:16:14.000Z
#pegasusproject	0	2021-07-19T19:13:28.000Z
#leightonbuzzard	0	2021-07-19T19:05:24.000Z
#dubai	0	2021-07-19T19:13:28.000Z
#bigtimerushiscoming	0	2021-07-19T19:13:28.000Z
#meme	0	2021-07-19T19:12:42.000Z
#tim	0	2021-07-19T19:12:42.000Z
#fifawordcup	0	2021-07-19T19:12:42.000Z
#me	0	2021-07-19T19:12:42.000Z
#villani	0	2021-07-19T19:12:42.000Z
#cfmtl	0	2021-07-19T19:10:35.000Z
#nametheproblem	0	2021-07-19T19:09:50.000Z
#availjakarta	0	2021-07-19T19:44:17.000Z
#elvalordelvoto	0	2021-07-19T19:09:16.000Z
#judionline	0	2021-07-19T19:21:29.000Z
#eichhrnchen	0	2021-07-19T19:22:12.000Z
#londra	0	2021-07-19T19:26:53.000Z
#we	0	2021-07-19T19:26:53.000Z
#violnciamas	0	2021-07-19T20:05:20.000Z
#newtraldata	0	2021-07-19T20:00:51.000Z
#infographic	0	2021-07-19T19:59:58.000Z
#fcbarce	0	2021-07-19T19:58:51.000Z
#barcelone	0	2021-07-19T19:54:34.000Z
#koefcb	0	2021-07-19T19:54:34.000Z
#koeman	0	2021-07-19T19:54:34.000Z
#alhamdulillah	0	2021-07-19T19:52:11.000Z
#alhamdulilah	0	2021-07-19T19:52:09.000Z
#firstvictory	0	2021-07-19T19:52:09.000Z
#iduladhadirumah	0	2021-07-19T19:51:39.000Z
#campioni	0	2021-07-19T19:49:44.000Z
#sanraffaeleloro	0	2021-07-19T19:49:44.000Z
#ricercatori	0	2021-07-19T19:49:44.000Z
#grazie	0	2021-07-19T19:49:44.000Z
#5yrsofvdtrendonjuly28th	0	2021-07-19T19:49:15.000Z
#openbojaksel	0	2021-07-19T19:44:17.000Z
#boris	0	2021-07-19T20:06:05.000Z
#covid19uk	0	2021-07-19T20:06:05.000Z
#government	0	2021-07-19T20:06:05.000Z
#deutschl	0	2021-07-19T19:40:05.000Z
#jorginhofrello	0	2021-07-19T19:33:38.000Z
#uefaeuro2021	0	2021-07-19T19:29:17.000Z
#thefa	0	2021-07-19T19:06:40.000Z
#grassrootsfootball	0	2021-07-19T19:05:24.000Z
#wolff	0	2021-07-19T13:09:07.000Z
#cm2022	0	2021-07-19T19:18:48.000Z
#s	0	2021-07-19T18:54:28.000Z
#lufc	0	2021-07-19T18:53:48.000Z
#mot	0	2021-07-19T18:53:48.000Z
#onthisday	0	2021-07-19T18:50:43.000Z
#pascher	0	2021-07-19T18:47:22.000Z
#maillotfoot	0	2021-07-19T18:47:22.000Z
#footmus	0	2021-07-19T18:47:22.000Z
#maillotdefootpascher	0	2021-07-19T18:47:22.000Z
#southgateyouretheone	0	2021-07-19T18:44:43.000Z
#englandvsgermany	0	2021-07-19T18:44:43.000Z
#bitcoinmining	0	2021-07-19T18:44:42.000Z
#polslo	0	2021-07-19T18:44:17.000Z
#yellowcolor	0	2021-07-19T19:04:41.000Z
#europacalcio	0	2021-07-19T18:41:51.000Z
#ga	0	2021-07-19T18:39:38.000Z
#snacks	0	2021-07-19T18:39:38.000Z
#celebration	0	2021-07-19T18:39:38.000Z
#munch	0	2021-07-19T18:39:38.000Z
#lunch	0	2021-07-19T18:39:38.000Z
#food	0	2021-07-19T18:39:38.000Z
#finals	0	2021-07-19T18:39:38.000Z
#oltreicolori	0	2021-07-19T18:35:50.000Z
#melbetug	0	2021-07-19T18:33:36.000Z
#larazon_es	0	2021-07-19T18:33:12.000Z
#landsholdet	0	2021-07-19T18:55:00.000Z
#twitterban	0	2021-07-19T18:55:21.000Z
#maxverstapen	0	2021-07-19T18:55:23.000Z
#bacichocolates	0	2021-07-19T18:55:31.000Z
#matury2021	0	2021-07-19T19:04:25.000Z
#alaqsamosque	0	2021-07-19T19:04:25.000Z
#fatima	0	2021-07-19T19:04:25.000Z
#matura2021	0	2021-07-19T19:04:25.000Z
#jazdaiga	0	2021-07-19T19:04:25.000Z
#lewandowski	0	2021-07-19T19:02:18.000Z
#rl9	0	2021-07-19T19:02:18.000Z
#ra	0	2021-07-19T19:02:07.000Z
#saraheverard	0	2021-07-19T18:58:50.000Z
#europeanfootball	0	2021-07-19T18:58:37.000Z
#eurocups	0	2021-07-19T18:58:37.000Z
#euro2020hosting	0	2021-07-19T18:58:37.000Z
#europeanchampionship	0	2021-07-19T18:58:37.000Z
#experiencematters	0	2021-07-19T18:58:37.000Z
#theazzurri	0	2021-07-19T18:58:37.000Z
#haitis	0	2021-07-19T18:57:02.000Z
#icymi	0	2021-07-19T18:58:29.000Z
#tipster	0	2021-07-19T18:56:13.000Z
#freetips	0	2021-07-19T18:56:13.000Z
#top10	0	2021-07-19T18:56:13.000Z
#kisses	0	2021-07-19T18:55:31.000Z
#kiss	0	2021-07-19T18:55:31.000Z
#italianchocolates	0	2021-07-19T18:55:31.000Z
#thefca	0	2021-07-19T20:02:23.000Z
#myepayments	0	2021-07-19T20:02:23.000Z
#memphis	0	2021-07-19T20:03:27.000Z
#albanianiptv	0	2021-07-19T13:19:02.000Z
#norwegiantv	0	2021-07-19T13:18:15.000Z
#norwegianiptv	0	2021-07-19T13:18:15.000Z
#romanian	0	2021-07-19T13:18:36.000Z
#roumania	0	2021-07-19T13:18:36.000Z
#romaniantv	0	2021-07-19T13:18:36.000Z
#romanianiptv	0	2021-07-19T13:18:36.000Z
#albania	0	2021-07-19T13:19:02.000Z
#albanian	0	2021-07-19T13:19:02.000Z
#albaniatv	0	2021-07-19T13:19:02.000Z
#albaniaiptv	0	2021-07-19T13:19:02.000Z
#albaniantv	0	2021-07-19T13:19:02.000Z
#deschamps	0	2021-07-19T17:52:36.000Z
#homeandliving	0	2021-07-19T20:04:40.000Z
#switzerland	0	2021-07-19T17:36:03.000Z
#switzerlandiptv	0	2021-07-19T13:19:32.000Z
#switzerlandtv	0	2021-07-19T13:19:32.000Z
#belgium	0	2021-07-19T13:19:52.000Z
#belgian	0	2021-07-19T13:19:52.000Z
#belgiantv	0	2021-07-19T13:19:52.000Z
#belgianiptv	0	2021-07-19T13:19:52.000Z
#belgiumtv	0	2021-07-19T13:19:52.000Z
#belgiumiptv	0	2021-07-19T13:19:52.000Z
#portugal	0	2021-07-19T20:39:31.000Z
#portuguese	0	2021-07-19T13:20:12.000Z
#norwayiptv	0	2021-07-19T13:18:15.000Z
#norwaytv	0	2021-07-19T13:18:15.000Z
#norwegian	0	2021-07-19T13:18:15.000Z
#norvege	0	2021-07-19T13:18:15.000Z
#croatia	0	2021-07-19T13:16:43.000Z
#croatian	0	2021-07-19T13:16:43.000Z
#croatiatv	0	2021-07-19T13:16:43.000Z
#croatiaiptv	0	2021-07-19T13:16:43.000Z
#russia	0	2021-07-19T13:17:08.000Z
#russian	0	2021-07-19T13:17:08.000Z
#russiatv	0	2021-07-19T13:17:08.000Z
#russiaiptv	0	2021-07-19T13:17:08.000Z
#russiantv	0	2021-07-19T13:17:08.000Z
#russianiptv	0	2021-07-19T13:17:08.000Z
#inglaterra	0	2021-07-19T12:27:59.000Z
#sweden	0	2021-07-19T13:17:34.000Z
#swedish	0	2021-07-19T13:17:34.000Z
#swedentv	0	2021-07-19T13:17:34.000Z
#swedeniptv	0	2021-07-19T13:17:34.000Z
#danish	0	2021-07-19T13:17:54.000Z
#danmark	0	2021-07-19T13:17:54.000Z
#danemark	0	2021-07-19T13:42:46.000Z
#danemarktv	0	2021-07-19T13:17:54.000Z
#danemarkiptv	0	2021-07-19T13:17:54.000Z
#danishtv	0	2021-07-19T13:17:54.000Z
#danishiptv	0	2021-07-19T13:17:54.000Z
#norway	0	2021-07-19T13:18:15.000Z
#portuguesegp	0	2021-07-19T13:20:12.000Z
#portugaltv	0	2021-07-19T13:20:12.000Z
#portugaliptv	0	2021-07-19T13:20:12.000Z
#u21	0	2021-07-19T20:39:31.000Z
#loveisland	0	2021-07-19T20:34:33.000Z
#skysportsnews	0	2021-07-19T20:34:33.000Z
#sweetcaroline	0	2021-07-19T20:34:33.000Z
#theoffice	0	2021-07-19T20:47:53.000Z
#coppa	0	2021-07-19T20:32:46.000Z
#competenza	0	2021-07-19T20:32:46.000Z
#professionalit	0	2021-07-19T20:32:46.000Z
#staff	0	2021-07-19T20:32:46.000Z
#mbapp	0	2021-07-19T20:32:05.000Z
#thecatswetweet	0	2021-07-19T20:31:03.000Z
#southafrica	0	2021-07-19T20:30:32.000Z
#northernireland	0	2021-07-19T20:30:32.000Z
#coca	0	2021-07-19T20:26:00.000Z
#under21	0	2021-07-19T20:39:31.000Z
#audiosdeflorentino	0	2021-07-19T20:40:43.000Z
#kumbh	0	2021-07-19T20:16:24.000Z
#txlege	0	2021-07-19T20:15:29.000Z
#thisismofc	0	2021-07-19T20:13:33.000Z
#stopline3	0	2021-07-19T20:09:28.000Z
#tifosiseriea	0	2021-07-19T20:07:17.000Z
#antilockdownmarch	0	2021-07-19T20:07:13.000Z
#gammon	0	2021-07-19T20:07:13.000Z
#fpl	0	2021-07-19T20:04:42.000Z
#italianfootball	0	2021-07-19T20:39:47.000Z
#meghan	0	2021-07-19T20:40:34.000Z
#portuguesetv	0	2021-07-19T13:20:12.000Z
#boicotchiringuito	0	2021-07-19T20:40:43.000Z
#portugueseiptv	0	2021-07-19T13:20:12.000Z
#germany	0	2021-07-19T20:39:31.000Z
#germanytv	0	2021-07-19T13:20:33.000Z
#germanyiptv	0	2021-07-19T13:20:33.000Z
#german	0	2021-07-19T13:20:33.000Z
#germangp	0	2021-07-19T13:20:33.000Z
#germantv	0	2021-07-19T13:20:33.000Z
#germaniptv	0	2021-07-19T13:20:33.000Z
#foxnews	0	2021-07-19T10:05:27.000Z
#threelion	0	2021-07-19T20:56:55.000Z
#afpgraphics	0	2021-07-19T20:54:49.000Z
#samsung	0	2021-07-19T20:53:41.000Z
#samsunggalaxy	0	2021-07-19T20:53:41.000Z
#torfaen	0	2021-07-19T20:51:00.000Z
#jovencitahot	0	2021-07-19T20:48:51.000Z
#chicastraviesas	0	2021-07-19T20:48:51.000Z
#croaciaespana	0	2021-07-19T20:48:51.000Z
#palnorte	0	2021-07-19T20:48:51.000Z
#lunesdemorboyprovocacin	0	2021-07-19T20:48:51.000Z
#lunesardientes	0	2021-07-19T20:48:51.000Z
#feliziniciodesemana	0	2021-07-19T20:48:51.000Z
#ultimenotizie	0	2021-07-19T20:45:11.000Z
#cronaca	0	2021-07-19T20:45:11.000Z
#covidiots	0	2021-07-19T19:05:32.000Z
#euroleague	0	2021-07-19T18:29:15.000Z
#linebet	0	2021-07-19T18:29:15.000Z
#irisfilmproduction	0	2021-07-19T17:10:36.000Z
#giancarloantognoni	0	2021-07-19T18:31:39.000Z
#antognoni	0	2021-07-19T18:31:39.000Z
#germania	0	2021-07-19T17:25:02.000Z
#endracism	0	2021-07-19T17:11:11.000Z
#bhfyp	0	2021-07-19T17:10:36.000Z
#caroselli	0	2021-07-19T17:10:36.000Z
#festa	0	2021-07-19T17:10:36.000Z
#skysport	0	2021-07-19T17:10:36.000Z
#fabiocaressa	0	2021-07-19T17:10:36.000Z
#esclusiva	0	2021-07-19T17:10:36.000Z
#claudiotofani	0	2021-07-19T17:10:36.000Z
#w	0	2021-07-19T17:06:48.000Z
#esc2021	0	2021-07-19T17:22:29.000Z
#disasterday	0	2021-07-19T17:04:43.000Z
#cruetandcaddyset	0	2021-07-19T17:04:42.000Z
#spanishiptv	0	2021-07-19T13:20:53.000Z
#rinascimentoaz	0	2021-07-19T17:02:44.000Z
#french	0	2021-07-19T17:22:29.000Z
#siebert	0	2021-07-19T17:00:40.000Z
#adidas	0	2021-07-19T16:57:57.000Z
#nike	0	2021-07-19T16:57:57.000Z
#puma	0	2021-07-19T16:57:57.000Z
#fordanmark	0	2021-07-19T16:54:52.000Z
#coinmarketcap	0	2021-07-19T16:53:21.000Z
#commisso	0	2021-07-19T18:31:39.000Z
#roccocommisso	0	2021-07-19T18:31:39.000Z
#barone	0	2021-07-19T18:31:39.000Z
#joebarone	0	2021-07-19T17:12:36.000Z
#itscom	0	2021-07-19T17:22:00.000Z
#supportlocal	0	2021-07-19T17:21:23.000Z
#blackowned	0	2021-07-19T17:21:23.000Z
#covid19ontario	0	2021-07-19T17:21:23.000Z
#covid19vaccine	0	2021-07-19T17:21:23.000Z
#selfcare	0	2021-07-19T17:21:23.000Z
#makeup	0	2021-07-19T17:21:23.000Z
#dababy	0	2021-07-19T17:21:23.000Z
#seneca	0	2021-07-19T17:21:23.000Z
#hashtaguncensored	0	2021-07-19T19:19:40.000Z
#t	0	2021-07-19T17:20:18.000Z
#diversity	0	2021-07-19T17:19:34.000Z
#seattledraft	0	2021-07-19T17:18:50.000Z
#bornelectric	0	2021-07-19T17:17:02.000Z
#bmwce04	0	2021-07-19T17:17:02.000Z
#exploitation	0	2021-07-19T17:17:02.000Z
#wagetheft	0	2021-07-19T17:17:02.000Z
#notizie	0	2021-07-19T17:15:37.000Z
#wakacje	0	2021-07-19T17:15:34.000Z
#viola	0	2021-07-19T18:31:39.000Z
#panini	0	2021-07-19T19:13:12.000Z
#1s	0	2021-07-19T17:13:45.000Z
#campionato	0	2021-07-19T18:31:39.000Z
#pancakeswap	0	2021-07-19T16:53:21.000Z
#coinbase	0	2021-07-19T16:53:21.000Z
#cryptotwitter	0	2021-07-19T16:53:21.000Z
#tiktokchallenge	0	2021-07-19T16:42:36.000Z
#hiltonbaku	0	2021-07-19T16:41:33.000Z
#xploreazerbaijan	0	2021-07-19T16:41:33.000Z
#itscoming	0	2021-07-19T16:39:24.000Z
#wimbledonfinal	0	2021-07-19T16:39:24.000Z
#djokovic	0	2021-07-19T16:39:24.000Z
#realhousewivesofdurban	0	2021-07-19T16:39:24.000Z
#nedaut	0	2021-07-19T16:37:29.000Z
#socialdistancing	0	2021-07-19T16:37:00.000Z
#blogger	0	2021-07-19T16:33:42.000Z
#sportsblogger	0	2021-07-19T16:33:42.000Z
#sportswriter	0	2021-07-19T16:33:42.000Z
#sportsblog	0	2021-07-19T16:33:42.000Z
#footballblogger	0	2021-07-19T16:33:42.000Z
#footballwriter	0	2021-07-19T16:33:42.000Z
#englandvsdenmark	0	2021-07-19T16:33:22.000Z
#publicrelations	0	2021-07-19T16:29:22.000Z
#nogreenpass	0	2021-07-19T16:27:52.000Z
#toryhypocrisy	0	2021-07-19T16:25:48.000Z
#ryanair	0	2021-07-19T16:25:48.000Z
#costofflights	0	2021-07-19T16:25:48.000Z
#pcrtest	0	2021-07-19T16:25:48.000Z
#cheltenhamraces	0	2021-07-19T16:25:48.000Z
#cryptocur	0	2021-07-19T16:24:50.000Z
#tiktokviral	0	2021-07-19T16:42:36.000Z
#junews	0	2021-07-19T16:43:04.000Z
#bitcoincrash	0	2021-07-19T16:53:21.000Z
#ilsalottodelcalcio	0	2021-07-19T16:43:04.000Z
#bscgem	0	2021-07-19T18:27:36.000Z
#12jul	0	2021-07-19T16:52:37.000Z
#somosbayer04	0	2021-07-19T16:50:29.000Z
#fcb	0	2021-07-19T19:54:34.000Z
#circulareconomy	0	2021-07-19T16:49:00.000Z
#moyes	0	2021-07-19T16:48:57.000Z
#soucek	0	2021-07-19T16:48:57.000Z
#porfra	0	2021-07-19T16:48:29.000Z
#frapor	0	2021-07-19T16:48:29.000Z
#azzur	0	2021-07-19T16:46:56.000Z
#rai1	0	2021-07-19T16:46:56.000Z
#pallavolo	0	2021-07-19T16:46:01.000Z
#luca	0	2021-07-19T19:16:14.000Z
#eurovision	0	2021-07-19T16:46:01.000Z
#fcbarcelona	0	2021-07-19T19:54:34.000Z
#forza	0	2021-07-19T16:43:24.000Z
#digitalartist	0	2021-07-19T16:43:24.000Z
#supportsmallbusinesses	0	2021-07-19T16:43:24.000Z
#artistontwitter	0	2021-07-19T16:43:24.000Z
#artist	0	2021-07-19T16:43:24.000Z
#torontoartist	0	2021-07-19T16:43:24.000Z
#toronto	0	2021-07-19T16:43:24.000Z
#leedsunited	0	2021-07-19T16:43:15.000Z
#atencin	0	2021-07-19T17:22:07.000Z
#rotterdam	0	2021-07-19T17:22:29.000Z
#fialmalaab	0	2021-07-19T18:27:48.000Z
#goats	0	2021-07-19T18:05:59.000Z
#massaggiocardiaco	0	2021-07-19T18:01:37.000Z
#arrestocardiaco	0	2021-07-19T18:01:37.000Z
#dipadreinfiglio	0	2021-07-19T18:01:37.000Z
#linkinbio	0	2021-07-19T18:01:37.000Z
#hamradio	0	2021-07-19T19:20:53.000Z
#hfantenna	0	2021-07-19T19:20:53.000Z
#kitreview	0	2021-07-19T18:00:01.000Z
#hull	0	2021-07-19T17:55:35.000Z
#gqbodyissue	0	2021-07-19T17:55:17.000Z
#skyeuro20	0	2021-07-19T17:55:01.000Z
#fairplay	0	2021-07-19T17:53:59.000Z
#nightclubs	0	2021-07-19T17:52:01.000Z
#vola	0	2021-07-19T17:22:29.000Z
#vaccination	0	2021-07-19T17:52:01.000Z
#koszulkipikarskie	0	2021-07-19T17:49:01.000Z
#fandom	0	2021-07-19T17:48:23.000Z
#hisense	0	2021-07-19T17:48:23.000Z
#euro2020recap	0	2021-07-19T17:48:23.000Z
#favase	0	2021-07-19T17:46:03.000Z
#evangeliodeldia	0	2021-07-19T17:41:29.000Z
#edchat	0	2021-07-19T17:39:55.000Z
#forzanapolisempre	0	2021-07-19T17:38:55.000Z
#bellissima	0	2021-07-19T17:38:55.000Z
#beautiful	0	2021-07-19T17:38:55.000Z
#rianimazione	0	2021-07-19T18:01:37.000Z
#fecondazioneassistita	0	2021-07-19T18:01:37.000Z
#medicaldrama	0	2021-07-19T18:01:37.000Z
#medicina	0	2021-07-19T18:01:37.000Z
#vaccinated	0	2021-07-19T18:27:43.000Z
#covidiot	0	2021-07-19T18:27:43.000Z
#trumpisnotwell	0	2021-07-19T18:27:43.000Z
#idiocracy	0	2021-07-19T18:27:43.000Z
#maga	0	2021-07-19T18:27:43.000Z
#trump	0	2021-07-19T18:27:43.000Z
#gym	0	2021-07-19T18:27:43.000Z
#demilovato	0	2021-07-19T18:25:41.000Z
#iscominghome	0	2021-07-19T18:18:32.000Z
#englishfans	0	2021-07-19T18:18:32.000Z
#goalkeeper	0	2021-07-19T18:18:05.000Z
#marvelsspiderman	0	2021-07-19T18:12:41.000Z
#ps5share	0	2021-07-19T18:12:41.000Z
#covididiots	0	2021-07-19T18:09:20.000Z
#inglesi	0	2021-07-19T18:08:19.000Z
#bitruetheft	0	2021-07-19T18:08:30.000Z
#eurostory	0	2021-07-19T18:18:15.000Z
#reachingouttouchingmetouchingyou	0	2021-07-19T18:05:42.000Z
#rustickitchen	0	2021-07-19T18:04:42.000Z
#hotdealsunderdata	0	2021-07-19T18:02:08.000Z
#spain	0	2021-07-19T20:39:31.000Z
#podcastitaliani	0	2021-07-19T18:01:37.000Z
#divulgazionescientifica	0	2021-07-19T18:01:37.000Z
#dieci	0	2021-07-19T17:38:55.000Z
#10	0	2021-07-19T17:38:55.000Z
#dj	0	2021-07-19T17:38:36.000Z
#aespa	0	2021-07-19T17:30:47.000Z
#dragonballz	0	2021-07-19T17:30:47.000Z
#supersaiyan	0	2021-07-19T17:30:47.000Z
#saiyan	0	2021-07-19T17:30:47.000Z
#vaibhav	0	2021-07-19T17:30:47.000Z
#goku	0	2021-07-19T17:30:47.000Z
#kitcommunityagainstracism	0	2021-07-19T17:30:15.000Z
#sportsbiz	0	2021-07-19T17:30:00.000Z
#dotnetmaui	0	2021-07-19T17:26:39.000Z
#mujournal	0	2021-07-19T17:25:49.000Z
#scottmctominay	0	2021-07-19T17:25:11.000Z
#avfc	0	2021-07-19T17:24:47.000Z
#rezo	0	2021-07-19T17:23:46.000Z
#animalabuse	0	2021-07-19T17:23:46.000Z
#asian	0	2021-07-19T17:23:46.000Z
#asia	0	2021-07-19T17:23:46.000Z
#taeyong	0	2021-07-19T17:23:46.000Z
#yulindogmeatfestival	0	2021-07-19T17:23:46.000Z
#yulin	0	2021-07-19T17:23:46.000Z
#why	0	2021-07-19T17:23:46.000Z
#cats	0	2021-07-19T17:23:46.000Z
#dog	0	2021-07-19T17:23:46.000Z
#permissiontodanceno1onhot100	0	2021-07-19T17:23:46.000Z
#barbarapravi	0	2021-07-19T17:22:29.000Z
#cosplay	0	2021-07-19T17:30:47.000Z
#gambling	0	2021-07-19T17:31:09.000Z
#summervibes	0	2021-07-19T17:38:36.000Z
#livecasino	0	2021-07-19T17:31:09.000Z
#edm	0	2021-07-19T17:38:36.000Z
#spanish	0	2021-07-19T13:20:53.000Z
#spaintv	0	2021-07-19T13:20:53.000Z
#spainiptv	0	2021-07-19T13:20:53.000Z
#spanishtv	0	2021-07-19T13:20:53.000Z
#fantasyleague	0	2021-07-19T17:36:38.000Z
#market	0	2021-07-19T17:36:37.000Z
#barcelona	0	2021-07-19T17:36:03.000Z
#tottenham	0	2021-07-19T17:36:03.000Z
#lazio	0	2021-07-19T17:36:03.000Z
#manchestercity	0	2021-07-19T17:36:03.000Z
#fsgout	0	2021-07-19T17:31:09.000Z
#judislotterpercaya	0	2021-07-19T17:31:09.000Z
#judislotonlineterpercaya	0	2021-07-19T17:31:09.000Z
#judislot	0	2021-07-19T17:31:09.000Z
#pragmatic	0	2021-07-19T17:31:09.000Z
#pragmaticslot	0	2021-07-19T17:31:09.000Z
#pragmaticplay	0	2021-07-19T17:31:09.000Z
#ppslot	0	2021-07-19T17:31:09.000Z
#judibolaterpercaya	0	2021-07-19T17:31:09.000Z
#judibola	0	2021-07-19T17:31:09.000Z
#livecasinoindonesia	0	2021-07-19T17:31:09.000Z
#livecasinoonline	0	2021-07-19T17:31:09.000Z
#dangote	0	2021-07-19T13:09:07.000Z
#instagrammarketing	0	2021-07-19T13:09:07.000Z
#joelosteen	0	2021-07-19T13:09:07.000Z
#newsflash	0	2021-07-19T08:28:58.000Z
#pazartesi	0	2021-07-19T08:33:32.000Z
#almanya	0	2021-07-19T08:33:32.000Z
#sondakika	0	2021-07-19T08:33:32.000Z
#kurbanbayram	0	2021-07-19T08:33:32.000Z
#kurban	0	2021-07-19T08:33:32.000Z
#arefe	0	2021-07-19T08:33:32.000Z
#twitterblades	0	2021-07-19T08:30:18.000Z
#sufc	0	2021-07-19T08:30:18.000Z
#cherries	0	2021-07-19T08:30:18.000Z
#pl	0	2021-07-19T18:00:00.000Z
#pragnews	0	2021-07-19T08:28:58.000Z
#7giornifa	0	2021-07-19T12:07:15.000Z
#hbd	0	2021-07-19T08:40:53.000Z
#comingrome	0	2021-07-19T08:26:11.000Z
#notcominghome	0	2021-07-19T08:26:11.000Z
#fussballem	0	2021-07-19T08:26:03.000Z
#corona	0	2021-07-19T14:34:43.000Z
#forzajuve	0	2021-07-19T08:25:24.000Z
#cr7	0	2021-07-19T18:44:42.000Z
#lionssa2021	0	2021-07-19T08:22:49.000Z
#fascinating	0	2021-07-19T08:22:49.000Z
#diffuse	0	2021-07-19T08:22:49.000Z
#like	0	2021-07-19T08:22:49.000Z
#research	0	2021-07-19T08:22:49.000Z
#museodelcalcio	0	2021-07-19T20:18:47.000Z
#coverciano	0	2021-07-19T20:18:47.000Z
#marketing	0	2021-07-19T16:16:44.000Z
#globalmarketing	0	2021-07-19T09:13:38.000Z
#europei	0	2021-07-19T11:29:22.000Z
#itsnotcominghome	0	2021-07-19T20:27:08.000Z
#politics	0	2021-07-19T08:42:26.000Z
#paralympics	0	2021-07-19T08:42:26.000Z
#olympics2021	0	2021-07-19T20:34:33.000Z
#100daysof	0	2021-07-19T09:13:38.000Z
#marketingtips	0	2021-07-19T08:35:46.000Z
#branding	0	2021-07-19T08:35:46.000Z
#python	0	2021-07-19T08:35:46.000Z
#machinelearning	0	2021-07-19T08:35:46.000Z
#copaamericafinal	0	2021-07-19T08:35:46.000Z
#datascience	0	2021-07-19T14:52:06.000Z
#jungwoo	0	2021-07-19T08:35:46.000Z
#nodejs	0	2021-07-19T08:35:46.000Z
#javascript	0	2021-07-19T08:35:46.000Z
#nocode	0	2021-07-19T08:35:46.000Z
#hclswlobp	0	2021-07-19T08:35:46.000Z
#100daysofcode	0	2021-07-19T08:35:46.000Z
#tbilisi	0	2021-07-19T09:13:38.000Z
#onurseyityaran	0	2021-07-19T09:13:38.000Z
#jinyoung	0	2021-07-19T09:13:38.000Z
#ufc264	0	2021-07-19T09:13:38.000Z
#business	0	2021-07-19T09:13:38.000Z
#qatar2022	0	2021-07-19T08:24:19.000Z
#raipremium	0	2021-07-19T08:18:37.000Z
#cro	0	2021-07-19T06:27:22.000Z
#youtubemusic	0	2021-07-19T06:22:37.000Z
#agenslot	0	2021-07-19T08:07:27.000Z
#letour	0	2021-07-19T08:06:57.000Z
#tourdefrance	0	2021-07-19T20:48:51.000Z
#tdf2021	0	2021-07-19T16:41:58.000Z
#transfernews	0	2021-07-19T08:05:20.000Z
#transferdk	0	2021-07-19T08:05:20.000Z
#transfertalk	0	2021-07-19T08:09:01.000Z
#juventus	0	2021-07-19T20:27:48.000Z
#manuellocatelli	0	2021-07-19T08:09:01.000Z
#arsenal	0	2021-07-19T17:31:09.000Z
#vintageteacup	0	2021-07-19T08:04:39.000Z
#youtubekids	0	2021-07-19T06:22:37.000Z
#uae	0	2021-07-19T08:17:55.000Z
#kidsyoutube	0	2021-07-19T06:22:37.000Z
#kidsyoutubechannel	0	2021-07-19T06:22:37.000Z
#wedding	0	2021-07-19T20:04:40.000Z
#homedecor	0	2021-07-19T20:04:40.000Z
#kidsyoutuber	0	2021-07-19T06:22:37.000Z
#marcusrashford	0	2021-07-19T13:47:41.000Z
#saynotoracism	0	2021-07-19T08:50:33.000Z
#twitterhistorians	0	2021-07-19T08:00:01.000Z
#nkanda	0	2021-07-19T07:58:30.000Z
#mohale	0	2021-07-19T07:58:30.000Z
#sportivoitaliano	0	2021-07-19T07:58:15.000Z
#judipulsa	0	2021-07-19T08:07:27.000Z
#majoritesilencieusevaccinee	0	2021-07-19T08:08:20.000Z
#mondaymotivation	0	2021-07-19T14:20:43.000Z
#transf	0	2021-07-19T08:09:01.000Z
#ascoltitv	0	2021-07-19T08:15:59.000Z
#fakeshirtsforfakefans	0	2021-07-19T08:14:54.000Z
#alwaysonlyoriginals	0	2021-07-19T08:14:54.000Z
#saynotofakes	0	2021-07-19T08:14:54.000Z
#completeyourcollection	0	2021-07-19T08:14:54.000Z
#buyitprintitwearit	0	2021-07-19T08:14:54.000Z
#maqualedieta	0	2021-07-19T08:14:27.000Z
#salumeria	0	2021-07-19T08:15:29.000Z
#naked	0	2021-07-19T08:14:00.000Z
#isla_marie03	0	2021-07-19T08:14:00.000Z
#follow	0	2021-07-19T16:43:24.000Z
#leg	0	2021-07-19T08:13:11.000Z
#giletsjaunes	0	2021-07-19T08:13:11.000Z
#losc	0	2021-07-19T08:48:51.000Z
#nuitdebout	0	2021-07-19T08:48:51.000Z
#shit	0	2021-07-19T08:48:51.000Z
#beuh	0	2021-07-19T08:48:51.000Z
#racism	0	2021-07-19T15:38:05.000Z
#moviolone	0	2021-07-19T19:49:28.000Z
#eu_soccer	0	2021-07-19T09:12:00.000Z
#comeonbelgium	0	2021-07-19T08:09:25.000Z
#deviltime	0	2021-07-19T08:09:25.000Z
#ltimahora	0	2021-07-19T18:57:00.000Z
#2020	0	2021-07-19T12:56:16.000Z
#f1	0	2021-07-19T20:09:06.000Z
#em2021	0	2021-07-19T10:43:16.000Z
#coderechcompt	0	2021-07-19T09:10:20.000Z
#rivalsunited	0	2021-07-19T09:15:53.000Z
#vivoazz	0	2021-07-19T09:15:34.000Z
#itaang	0	2021-07-19T09:13:17.000Z
#europeidicalcio2021	0	2021-07-19T09:12:50.000Z
#vecchioamarodelcapo	0	2021-07-19T09:12:50.000Z
#distilleriacaffo	0	2021-07-19T09:12:50.000Z
#itscomingrome	0	2021-07-19T20:10:36.000Z
#conomie	0	2021-07-19T09:10:20.000Z
#facile	0	2021-07-19T09:10:20.000Z
#scuris	0	2021-07-19T09:10:20.000Z
#simplifier	0	2021-07-19T09:10:20.000Z
#moyendepayement	0	2021-07-19T09:10:20.000Z
#youtubegamers	0	2021-07-19T06:22:37.000Z
#rechcompt	0	2021-07-19T09:10:20.000Z
#blockchain	0	2021-07-19T15:30:00.000Z
#torybrexitdisaster	0	2021-07-19T09:09:54.000Z
#johnsonvariant	0	2021-07-19T09:09:54.000Z
#torycovidcatastrophe	0	2021-07-19T16:25:48.000Z
#toryfascists	0	2021-07-19T09:09:54.000Z
#housing	0	2021-07-19T09:09:17.000Z
#midlands_lets	0	2021-07-19T09:09:17.000Z
#binan	0	2021-07-19T09:07:43.000Z
#rolandgarros	0	2021-07-19T14:34:43.000Z
#roma	0	2021-07-19T17:36:03.000Z
#giveaways	0	2021-07-19T09:15:57.000Z
#coronavirus	0	2021-07-19T09:16:00.000Z
#coronaviruspandemic	0	2021-07-19T09:16:00.000Z
#coronavirusupdates	0	2021-07-19T09:16:00.000Z
#euro2020hero	0	2021-07-19T14:33:59.000Z
#f1silverstone	0	2021-07-19T14:31:36.000Z
#wielrennen	0	2021-07-19T14:31:36.000Z
#retail	0	2021-07-19T15:19:02.000Z
#penalties	0	2021-07-19T13:04:21.000Z
#pilotgate	0	2021-07-19T11:25:35.000Z
#engit	0	2021-07-19T11:23:18.000Z
#japan	0	2021-07-19T14:38:41.000Z
#newsjuventus	0	2021-07-19T15:12:01.000Z
#bonuccisogno	0	2021-07-19T11:22:01.000Z
#wearefinland	0	2021-07-19T11:21:15.000Z
#smsports	0	2021-07-19T17:41:11.000Z
#manchesterunited	0	2021-07-19T18:58:29.000Z
#ynwa	0	2021-07-19T09:20:25.000Z
#thismeansmore	0	2021-07-19T09:20:25.000Z
#weareliverpool	0	2021-07-19T09:20:25.000Z
#lfc	0	2021-07-19T09:59:31.000Z
#e	0	2021-07-19T17:47:50.000Z
#bsc	0	2021-07-19T17:46:56.000Z
#bnb	0	2021-07-19T17:46:56.000Z
#bimp	0	2021-07-19T09:18:48.000Z
#worldcup2022	0	2021-07-19T15:13:29.000Z
#trtablepod	0	2021-07-19T09:16:57.000Z
#schick	0	2021-07-19T17:25:00.000Z
#podcast	0	2021-07-19T18:01:37.000Z
#abitablue	0	2021-07-19T09:05:31.000Z
#monsteratwork	0	2021-07-19T09:49:35.000Z
#qubec	0	2021-07-19T08:47:37.000Z
#lens	0	2021-07-19T08:47:37.000Z
#dijon	0	2021-07-19T08:47:37.000Z
#youtubelife	0	2021-07-19T06:22:37.000Z
#bordeaux	0	2021-07-19T08:47:37.000Z
#rennes	0	2021-07-19T08:47:37.000Z
#montpellier	0	2021-07-19T08:47:37.000Z
#citation	0	2021-07-19T08:47:37.000Z
#4tchat	0	2021-07-19T08:47:37.000Z
#franceverte	0	2021-07-19T08:47:37.000Z
#nice	0	2021-07-19T08:47:37.000Z
#toulouse	0	2021-07-19T08:47:37.000Z
#pau	0	2021-07-19T08:47:37.000Z
#twitter	0	2021-07-19T08:47:37.000Z
#lyon	0	2021-07-19T08:48:51.000Z
#londyn	0	2021-07-19T09:16:47.000Z
#arunavachaudhuri	0	2021-07-19T08:46:05.000Z
#biginsports	0	2021-07-19T08:46:05.000Z
#afp	0	2021-07-19T20:45:46.000Z
#gotgotneed	0	2021-07-19T19:13:12.000Z
#i	0	2021-07-19T15:17:42.000Z
#donnarumma	0	2021-07-19T17:02:44.000Z
#italiainghi	0	2021-07-19T08:42:10.000Z
#twi	0	2021-07-19T08:48:51.000Z
#binanceturns4	0	2021-07-19T09:49:29.000Z
#euroshow	0	2021-07-19T09:05:26.000Z
#binance	0	2021-07-19T19:51:18.000Z
#leucemiae	0	2021-07-19T20:30:16.000Z
#giuliaamodio	0	2021-07-19T09:04:04.000Z
#stefanosensi	0	2021-07-19T09:04:04.000Z
#wal	0	2021-07-19T09:06:56.000Z
#premiumtweet	0	2021-07-19T08:57:59.000Z
#olympiques	0	2021-07-19T08:57:35.000Z
#sudinfo	0	2021-07-19T08:57:35.000Z
#britishgp	0	2021-07-19T17:01:25.000Z
#theopen	0	2021-07-19T08:56:58.000Z
#gpgranbretana	0	2021-07-19T08:52:55.000Z
#yellove	0	2021-07-19T16:18:36.000Z
#whistlepodu	0	2021-07-19T16:18:36.000Z
#blacklivesmatter	0	2021-07-19T15:25:10.000Z
#solidarity	0	2021-07-19T09:00:35.000Z
#norwich	0	2021-07-19T10:24:51.000Z
#taketheknee	0	2021-07-19T09:00:35.000Z
#derossi	0	2021-07-19T08:50:38.000Z
#gravina	0	2021-07-19T09:19:15.000Z
#mattina	0	2021-07-19T08:52:58.000Z
#englandfans	0	2021-07-19T19:45:42.000Z
#tomorrowspaperstoday	0	2021-07-19T14:16:17.000Z
#loki	0	2021-07-19T09:49:29.000Z
#binancenft	0	2021-07-19T09:49:29.000Z
#bravo	0	2021-07-19T07:58:15.000Z
#gioco	0	2021-07-19T07:58:15.000Z
#allenatore	0	2021-07-19T07:58:15.000Z
#afrique	0	2021-07-19T11:08:45.000Z
#cristianoronaldo	0	2021-07-19T20:26:00.000Z
#water	0	2021-07-19T07:04:01.000Z
#drinkwater	0	2021-07-19T07:04:01.000Z
#su	0	2021-07-19T07:04:01.000Z
#nazionale	0	2021-07-19T20:32:46.000Z
#campionideuropa	0	2021-07-19T20:24:14.000Z
#champions	0	2021-07-19T16:43:24.000Z
#forzaitalia	0	2021-07-19T20:07:17.000Z
#c	0	2021-07-19T13:51:54.000Z
#copaamerica2021	0	2021-07-19T19:10:41.000Z
#chelsea	0	2021-07-19T19:33:38.000Z
#messi	0	2021-07-19T17:33:45.000Z
#wembley	0	2021-07-19T20:36:35.000Z
#bizimocuklar	0	2021-07-19T13:37:51.000Z
#motd	0	2021-07-19T07:26:35.000Z
#pagelle	0	2021-07-19T07:02:09.000Z
#votifantacalcio	0	2021-07-19T07:02:09.000Z
#votifantacalcioeuro2020	0	2021-07-19T10:01:58.000Z
#fantacalcio	0	2021-07-19T10:01:58.000Z
#fantapiu3	0	2021-07-19T10:01:58.000Z
#tokyoolympics	0	2021-07-19T06:22:45.000Z
#ar	0	2021-07-19T06:57:42.000Z
#ass	0	2021-07-19T06:57:42.000Z
#anal	0	2021-07-19T06:57:42.000Z
#lifeisgood	0	2021-07-19T07:04:01.000Z
#billybob	0	2021-07-19T08:18:29.000Z
#copa	0	2021-07-19T08:18:29.000Z
#newandnotes	0	2021-07-19T08:18:29.000Z
#fashionpolice	0	2021-07-19T07:14:48.000Z
#fashion	0	2021-07-19T07:14:48.000Z
#fashionista	0	2021-07-19T07:14:48.000Z
#fashionweek	0	2021-07-19T07:14:48.000Z
#fashionweeknyc	0	2021-07-19T07:14:48.000Z
#fashionblogger	0	2021-07-19T07:14:48.000Z
#ebaydeals	0	2021-07-19T07:14:48.000Z
#ebayseller	0	2021-07-19T07:14:48.000Z
#ebayfinds	0	2021-07-19T07:14:48.000Z
#ebay	0	2021-07-19T07:14:48.000Z
#youtubeitalia	0	2021-07-19T06:22:37.000Z
#madeinlondon	0	2021-07-19T07:14:48.000Z
#jorginho	0	2021-07-19T19:37:22.000Z
#intermilan	0	2021-07-19T07:18:01.000Z
#manchesterunit	0	2021-07-19T07:07:23.000Z
#italyvsengland	0	2021-07-19T07:07:23.000Z
#saka	0	2021-07-19T20:27:08.000Z
#rashford	0	2021-07-19T17:28:02.000Z
#uniforia	0	2021-07-19T07:06:32.000Z
#ucl	0	2021-07-19T20:54:34.000Z
#ww1	0	2021-07-19T07:05:39.000Z
#w4tch	0	2021-07-19T08:18:29.000Z
#soccerpodcast	0	2021-07-19T08:18:29.000Z
#tinder	0	2021-07-19T06:57:42.000Z
#whore	0	2021-07-19T06:57:42.000Z
#slut	0	2021-07-19T06:57:42.000Z
#spainvsitaly	0	2021-07-19T19:40:38.000Z
#sui	0	2021-07-19T06:27:22.000Z
#fortnitesho	0	2021-07-19T15:20:46.000Z
#itemshopshowcase	0	2021-07-19T15:20:46.000Z
#fortniteconcept	0	2021-07-19T15:20:46.000Z
#fortnite	0	2021-07-19T15:20:46.000Z
#ad	0	2021-07-19T15:20:46.000Z
#eastenders	0	2021-07-19T16:27:29.000Z
#goaltoke	0	2021-07-19T06:35:36.000Z
#footballertoken	0	2021-07-19T18:29:20.000Z
#eurostrip	0	2021-07-19T06:33:36.000Z
#stripchat	0	2021-07-19T06:33:36.000Z
#aut	0	2021-07-19T07:46:34.000Z
#fb	0	2021-07-19T06:30:58.000Z
#temporada4	0	2021-07-19T06:30:58.000Z
#juevesf4ntasy	0	2021-07-19T06:30:58.000Z
#pretemporada	0	2021-07-19T06:30:58.000Z
#openseanft	0	2021-07-19T06:30:58.000Z
#opensea	0	2021-07-19T06:30:58.000Z
#nfts	0	2021-07-19T10:06:19.000Z
#nftcommunity	0	2021-07-19T10:06:19.000Z
#nftcollector	0	2021-07-19T18:44:42.000Z
#nftart	0	2021-07-19T06:30:58.000Z
#austria	0	2021-07-19T06:30:58.000Z
#voodythedude	0	2021-07-19T19:40:38.000Z
#footballcrazy	0	2021-07-19T19:40:38.000Z
#nhs	0	2021-07-19T20:30:23.000Z
#rockinghis18thyear	0	2021-07-19T19:40:38.000Z
#universalcredit	0	2021-07-19T06:55:39.000Z
#borisjohnson	0	2021-07-19T11:39:13.000Z
#bonucci	0	2021-07-19T20:24:14.000Z
#itaesp	0	2021-07-19T10:23:08.000Z
#sognoazzurro	0	2021-07-19T20:32:46.000Z
#tifosiazzurri	0	2021-07-19T20:07:17.000Z
#azzurriindonesia	0	2021-07-19T20:07:17.000Z
#forzaazzurri	0	2021-07-19T20:07:17.000Z
#engger	0	2021-07-19T15:08:27.000Z
#englandfootballteam	0	2021-07-19T06:26:01.000Z
#oriali	0	2021-07-19T06:48:55.000Z
#engla	0	2021-07-19T06:46:20.000Z
#engita	0	2021-07-19T19:37:07.000Z
#eur	0	2021-07-19T13:38:14.000Z
#realme	0	2021-07-19T06:43:03.000Z
#esp	0	2021-07-19T17:26:37.000Z
#saudiarabias	0	2021-07-19T19:41:48.000Z
#oman	0	2021-07-19T19:41:48.000Z
#opinin	0	2021-07-19T19:41:41.000Z
#engvsco	0	2021-07-19T19:40:47.000Z
#engsco	0	2021-07-19T19:40:42.000Z
#catsofi	0	2021-07-19T19:40:38.000Z
#siamigo	0	2021-07-19T19:40:38.000Z
#footballassociation	0	2021-07-19T07:16:41.000Z
#ansa	0	2021-07-19T19:17:30.000Z
#nazionaleitaliana	0	2021-07-19T20:24:14.000Z
#sirigu	0	2021-07-19T07:39:12.000Z
#rober	0	2021-07-19T07:48:11.000Z
#pride2021	0	2021-07-19T07:47:03.000Z
#variantedelta	0	2021-07-19T13:33:38.000Z
#suiza	0	2021-07-19T07:43:53.000Z
#francia	0	2021-07-19T11:14:45.000Z
#youtube	0	2021-07-19T14:07:31.000Z
#fa	0	2021-07-19T16:29:22.000Z
#hazmeelparocon	0	2021-07-19T07:40:43.000Z
#estasvacaciones	0	2021-07-19T07:40:43.000Z
#iquattromori	0	2021-07-19T07:39:12.000Z
#sardegna	0	2021-07-19T07:39:12.000Z
#barella	0	2021-07-19T20:14:29.000Z
#ciao2020	0	2021-07-19T07:20:43.000Z
#youtubers	0	2021-07-19T06:22:37.000Z
#youtubechannel	0	2021-07-19T06:22:37.000Z
#youtubevideo	0	2021-07-19T06:22:37.000Z
#motogp	0	2021-07-19T19:37:48.000Z
#mattarella	0	2021-07-19T14:19:46.000Z
#digitalscreens	0	2021-07-19T07:36:14.000Z
#ooh	0	2021-07-19T07:36:14.000Z
#dooh	0	2021-07-19T07:36:14.000Z
#youtubegaming	0	2021-07-19T06:21:56.000Z
#silverstone	0	2021-07-19T18:37:11.000Z
#grandprix	0	2021-07-19T18:37:11.000Z
#refugees	0	2021-07-19T07:49:06.000Z
#bliminbeliin	0	2021-07-19T07:50:09.000Z
#realmadrid	0	2021-07-19T17:36:03.000Z
#mundodeportivo	0	2021-07-19T07:51:13.000Z
#mister	0	2021-07-19T07:58:15.000Z
#jesi	0	2021-07-19T07:58:15.000Z
#marche	0	2021-07-19T07:58:15.000Z
#oscars	0	2021-07-19T18:17:07.000Z
#ftbol	0	2021-07-19T07:57:13.000Z
#procreate	0	2021-07-19T07:56:57.000Z
#kidsyoutubeaddict	0	2021-07-19T06:22:37.000Z
#kidsyoutubers	0	2021-07-19T06:22:37.000Z
#sancho	0	2021-07-19T07:56:57.000Z
#bukayosaka	0	2021-07-19T13:47:41.000Z
#covid19as	0	2021-07-19T07:55:55.000Z
#kollarmzsvyoruz	0	2021-07-19T07:55:55.000Z
#kidsyoutubevideos	0	2021-07-19T06:22:37.000Z
#euro2020toasts	0	2021-07-19T07:54:06.000Z
#womenawareness	0	2021-07-19T07:53:42.000Z
#domesticabuse	0	2021-07-19T16:03:27.000Z
#lockdown	0	2021-07-19T07:53:42.000Z
#india	0	2021-07-19T07:53:42.000Z
#women	0	2021-07-19T07:53:42.000Z
#domesticviolence	0	2021-07-19T07:53:42.000Z
#pandemic	0	2021-07-19T07:53:42.000Z
#sarscov-2	0	2021-07-19T07:53:42.000Z
#impact	0	2021-07-19T07:53:42.000Z
#robertomancini	0	2021-07-19T17:25:02.000Z
#calcioitaliano	0	2021-07-19T07:34:03.000Z
#ps4	0	2021-07-19T07:31:54.000Z
#respect	0	2021-07-19T07:29:23.000Z
#talent	0	2021-07-19T07:29:23.000Z
#figc	0	2021-07-19T07:29:23.000Z
#calciofemminile	0	2021-07-19T07:29:23.000Z
#calciomercato	0	2021-07-19T18:31:39.000Z
#footlook	0	2021-07-19T07:29:23.000Z
#calcio	0	2021-07-19T20:39:47.000Z
#itscomingtorome	0	2021-07-19T19:18:31.000Z
#finale	0	2021-07-19T15:39:32.000Z
#memes	0	2021-07-19T07:25:03.000Z
#gmb	0	2021-07-19T07:24:38.000Z
#hypocritics	0	2021-07-19T07:24:38.000Z
#novit	0	2021-07-19T07:23:01.000Z
#news	0	2021-07-19T15:04:50.000Z
#interestingfacts	0	2021-07-19T07:23:01.000Z
#informazione	0	2021-07-19T07:23:01.000Z
#reading	0	2021-07-19T07:23:01.000Z
#followusformore	0	2021-07-19T07:23:01.000Z
#berlinomagazine	0	2021-07-19T07:23:01.000Z
#eu	0	2021-07-19T17:23:46.000Z
#por	0	2021-07-19T17:26:37.000Z
#ned	0	2021-07-19T17:26:37.000Z
#fra	0	2021-07-19T17:26:37.000Z
#ger	0	2021-07-19T17:53:54.000Z
#soccer	0	2021-07-19T20:39:47.000Z
#tifosi	0	2021-07-19T17:10:36.000Z
#riseofnewchampions	0	2021-07-19T07:31:54.000Z
#serieatim	0	2021-07-19T10:16:11.000Z
#itcamerome	0	2021-07-19T08:02:12.000Z
#freedomday	0	2021-07-19T19:13:28.000Z
#granbretagna	0	2021-07-19T07:38:50.000Z
#welovepasta	0	2021-07-19T07:30:36.000Z
#italyengland	0	2021-07-19T20:36:35.000Z
#final	0	2021-07-19T18:37:49.000Z
#budapest	0	2021-07-19T07:30:06.000Z
#vacations	0	2021-07-19T07:30:06.000Z
#worldtraveler	0	2021-07-19T07:30:06.000Z
#globetrotter	0	2021-07-19T07:30:06.000Z
#globetrotteuse	0	2021-07-19T07:30:06.000Z
#joanaswan	0	2021-07-19T07:30:06.000Z
#travel	0	2021-07-19T09:57:24.000Z
#shout	0	2021-07-19T07:29:58.000Z
#people	0	2021-07-19T07:29:58.000Z
#nikonphotography	0	2021-07-19T07:29:58.000Z
#streetphotography	0	2021-07-19T07:29:58.000Z
#flickr	0	2021-07-19T16:33:22.000Z
#itvfootball	0	2021-07-19T07:29:13.000Z
#socialnetwork	0	2021-07-19T07:29:23.000Z
#fiorentina	0	2021-07-19T18:31:39.000Z
#social	0	2021-07-19T07:29:23.000Z
#pallone	0	2021-07-19T07:58:15.000Z
#rice	0	2021-07-19T16:48:57.000Z
#chiesa	0	2021-07-19T20:36:35.000Z
#olmo	0	2021-07-19T14:34:18.000Z
#1966	0	2021-07-19T11:55:34.000Z
#kooora	0	2021-07-19T13:24:22.000Z
#inghilterra	0	2021-07-19T18:49:47.000Z
#unagioia	0	2021-07-19T12:01:08.000Z
#fox	0	2021-07-19T13:24:22.000Z
#freemasons	0	2021-07-19T11:58:17.000Z
#nocomunisti	0	2021-07-19T11:58:12.000Z
#nopd	0	2021-07-19T11:58:12.000Z
#polexit	0	2021-07-19T11:58:12.000Z
#brexit	0	2021-07-19T11:58:12.000Z
#italexit	0	2021-07-19T11:58:12.000Z
#commonsense	0	2021-07-19T11:55:35.000Z
#comparte	0	2021-07-19T11:54:04.000Z
#facupfinal	0	2021-07-19T12:15:13.000Z
#informa	0	2021-07-19T11:54:04.000Z
#fmcg	0	2021-07-19T11:53:05.000Z
#gemiusnews	0	2021-07-19T11:57:31.000Z
#digitalart	0	2021-07-19T11:52:18.000Z
#ipadpro2021	0	2021-07-19T11:52:18.000Z
#giorgiochiellini	0	2021-07-19T11:52:18.000Z
#testimonial	0	2021-07-19T11:51:59.000Z
#viterbo	0	2021-07-19T11:51:59.000Z
#agoponlus	0	2021-07-19T11:51:59.000Z
#cuba	0	2021-07-19T11:51:29.000Z
#amiga500	0	2021-07-19T11:51:12.000Z
#telenor	0	2021-07-19T11:59:47.000Z
#telco	0	2021-07-19T11:59:47.000Z
#infosport	0	2021-07-19T12:00:00.000Z
#rai	0	2021-07-19T12:00:03.000Z
#youritielemans	0	2021-07-19T12:15:13.000Z
#passit	0	2021-07-19T18:10:05.000Z
#nottimagiche	0	2021-07-19T20:22:24.000Z
#kora	0	2021-07-19T13:24:22.000Z
#mykonos	0	2021-07-19T12:13:08.000Z
#love	0	2021-07-19T18:55:31.000Z
#dream11cricket	0	2021-07-19T12:08:54.000Z
#koora	0	2021-07-19T13:24:22.000Z
#wivsa	0	2021-07-19T12:08:54.000Z
#bcci	0	2021-07-19T12:08:54.000Z
#t10	0	2021-07-19T12:08:54.000Z
#ipl2021	0	2021-07-19T15:36:40.000Z
#dream11prediction	0	2021-07-19T12:08:54.000Z
#dream11expert	0	2021-07-19T12:08:54.000Z
#dream11	0	2021-07-19T12:08:54.000Z
#ferragnez	0	2021-07-19T13:49:13.000Z
#doublesinkbathroom	0	2021-07-19T12:04:42.000Z
#tokyo2021	0	2021-07-19T12:02:35.000Z
#jjoo	0	2021-07-19T12:02:35.000Z
#latertulia	0	2021-07-19T12:02:35.000Z
#review	0	2021-07-19T12:50:28.000Z
#recap	0	2021-07-19T12:01:28.000Z
#mckenziemonday	0	2021-07-19T12:01:04.000Z
#commodoreamiga	0	2021-07-19T11:51:12.000Z
#retrogaming	0	2021-07-19T11:51:12.000Z
#sensiblesoccer	0	2021-07-19T11:51:12.000Z
#instagram	0	2021-07-19T13:15:20.000Z
#l1	0	2021-07-19T11:38:48.000Z
#sb29	0	2021-07-19T11:38:48.000Z
#mancity	0	2021-07-19T15:50:11.000Z
#barca	0	2021-07-19T19:58:51.000Z
#foden	0	2021-07-19T11:38:41.000Z
#euros	0	2021-07-19T17:20:18.000Z
#pedri	0	2021-07-19T11:38:41.000Z
#schiedsrichter	0	2021-07-19T11:33:59.000Z
#corruptfa	0	2021-07-19T11:32:06.000Z
#leonardobonucci	0	2021-07-19T11:22:01.000Z
#noh8	0	2021-07-19T11:16:24.000Z
#chiellini	0	2021-07-19T20:57:06.000Z
#tartanarmy	0	2021-07-19T11:09:29.000Z
#freebet	0	2021-07-19T11:08:45.000Z
#betmomo	0	2021-07-19T11:08:45.000Z
#betclic	0	2021-07-19T11:08:45.000Z
#unibet	0	2021-07-19T11:08:45.000Z
#bwin	0	2021-07-19T11:08:45.000Z
#betwinner	0	2021-07-19T11:08:45.000Z
#covid19bj	0	2021-07-19T11:08:45.000Z
#guine	0	2021-07-19T11:08:45.000Z
#niger	0	2021-07-19T11:08:45.000Z
#teamparieur	0	2021-07-19T11:08:45.000Z
#lewishamilton	0	2021-07-19T12:43:35.000Z
#gadget	0	2021-07-19T11:42:04.000Z
#now	0	2021-07-19T11:50:19.000Z
#easydiy	0	2021-07-19T11:42:04.000Z
#bizkaiadmoda	0	2021-07-19T11:50:12.000Z
#fut	0	2021-07-19T11:49:55.000Z
#fyp	0	2021-07-19T13:01:55.000Z
#us	0	2021-07-19T13:01:55.000Z
#fifa22	0	2021-07-19T20:32:05.000Z
#betsporty	0	2021-07-19T11:48:25.000Z
#getsporty	0	2021-07-19T11:48:25.000Z
#mondaythoughts	0	2021-07-19T18:27:43.000Z
#payment	0	2021-07-19T11:47:28.000Z
#boxe	0	2021-07-19T11:46:44.000Z
#olimpiadi	0	2021-07-19T11:46:44.000Z
#maneskin	0	2021-07-19T11:46:44.000Z
#laurapausini	0	2021-07-19T11:46:44.000Z
#knowthescience	0	2021-07-19T11:45:21.000Z
#arrestborisjohnson	0	2021-07-19T11:45:21.000Z
#fifa2021	0	2021-07-19T11:42:04.000Z
#musicfestival	0	2021-07-19T11:42:04.000Z
#summer2021	0	2021-07-19T11:42:04.000Z
#earphonefactory	0	2021-07-19T11:42:04.000Z
#earphone	0	2021-07-19T11:42:04.000Z
#workouts	0	2021-07-19T11:42:04.000Z
#music	0	2021-07-19T16:34:55.000Z
#indoorworkout	0	2021-07-19T11:42:04.000Z
#leicestercity	0	2021-07-19T12:15:13.000Z
#whataplayer	0	2021-07-19T12:15:13.000Z
#yellowbet	0	2021-07-19T11:08:45.000Z
#gravitas	0	2021-07-19T12:51:06.000Z
#predictandwin	0	2021-07-19T12:56:43.000Z
#picks	0	2021-07-19T12:56:43.000Z
#tips	0	2021-07-19T18:56:13.000Z
#soccernews	0	2021-07-19T12:56:43.000Z
#footista	0	2021-07-19T12:56:43.000Z
#footballindex	0	2021-07-19T12:56:43.000Z
#defi	0	2021-07-19T15:23:18.000Z
#airdrop	0	2021-07-19T15:23:18.000Z
#fedexperformancezone	0	2021-07-19T12:52:36.000Z
#impossibleisnothing	0	2021-07-19T12:51:07.000Z
#commongoal	0	2021-07-19T12:51:07.000Z
#sports	0	2021-07-19T17:31:09.000Z
#lcfc	0	2021-07-19T12:15:13.000Z
#sporttv	0	2021-07-19T13:24:22.000Z
#sportiptv	0	2021-07-19T13:24:22.000Z
#sportstv	0	2021-07-19T13:24:22.000Z
#sportsiptv	0	2021-07-19T13:24:22.000Z
#sportlive	0	2021-07-19T13:24:22.000Z
#sportonline	0	2021-07-19T13:24:22.000Z
#rachetandclank	0	2021-07-19T12:50:28.000Z
#findingnemo	0	2021-07-19T12:50:28.000Z
#ps5	0	2021-07-19T12:50:28.000Z
#entertainment	0	2021-07-19T12:52:29.000Z
#aserbaidschan	0	2021-07-19T12:49:52.000Z
#tuesday	0	2021-07-19T12:56:43.000Z
#tuesdaymotivation	0	2021-07-19T12:56:43.000Z
#tuesdaythoughts	0	2021-07-19T12:56:43.000Z
#tuesdaychalleng	0	2021-07-19T12:56:43.000Z
#influencermarketing	0	2021-07-19T13:09:07.000Z
#influencer	0	2021-07-19T13:09:07.000Z
#greenpassobbligatorio	0	2021-07-19T13:33:38.000Z
#assembramenti	0	2021-07-19T15:11:56.000Z
#jeremylynch	0	2021-07-19T13:08:13.000Z
#brest	0	2021-07-19T13:07:47.000Z
#stadebrestois	0	2021-07-19T13:07:47.000Z
#genk	0	2021-07-19T13:08:48.000Z
#singletierstand	0	2021-07-19T13:04:42.000Z
#futbox	0	2021-07-19T13:47:41.000Z
#noracism	0	2021-07-19T13:47:41.000Z
#jadonsancho	0	2021-07-19T13:47:41.000Z
#mapei	0	2021-07-19T13:03:46.000Z
#atam	0	2021-07-19T13:00:27.000Z
#italya	0	2021-07-19T14:50:41.000Z
#turkiye	0	2021-07-19T13:00:27.000Z
#bizimcocuklar	0	2021-07-19T13:00:27.000Z
#portasfiga	0	2021-07-19T13:00:02.000Z
#salvini	0	2021-07-19T13:00:02.000Z
#y72	0	2021-07-19T13:00:02.000Z
#bettingadvice	0	2021-07-19T12:56:43.000Z
#morningvibes	0	2021-07-19T12:56:43.000Z
#tuesdayvibes	0	2021-07-19T12:56:43.000Z
#ungarn	0	2021-07-19T12:49:52.000Z
#russland	0	2021-07-19T12:49:52.000Z
#maracana	0	2021-07-19T12:49:10.000Z
#oraimokenya	0	2021-07-19T12:31:58.000Z
#oraimowatch	0	2021-07-19T12:31:58.000Z
#oftheyear	0	2021-07-19T12:31:18.000Z
#reaction	0	2021-07-19T12:31:18.000Z
#pastasciutta	0	2021-07-19T12:31:18.000Z
#osmen	0	2021-07-19T12:27:55.000Z
#dotdown	0	2021-07-19T12:27:55.000Z
#uni	0	2021-07-19T12:27:55.000Z
#biontec	0	2021-07-19T12:27:55.000Z
#newcoin	0	2021-07-19T12:27:55.000Z
#quant	0	2021-07-19T12:27:55.000Z
#iotex	0	2021-07-19T12:27:55.000Z
#straykids	0	2021-07-19T12:27:55.000Z
#footballiscomingrome	0	2021-07-19T12:26:48.000Z
#footballiscominghome	0	2021-07-19T12:26:48.000Z
#naveitalia	0	2021-07-19T12:39:37.000Z
#sorteo	0	2021-07-19T12:26:07.000Z
#ligue1ubereats	0	2021-07-19T12:23:06.000Z
#tattoo	0	2021-07-19T15:56:59.000Z
#fenerbahe	0	2021-07-19T12:22:10.000Z
#galatasaray	0	2021-07-19T12:22:10.000Z
#alcohol	0	2021-07-19T12:20:08.000Z
#heatwaveuk	0	2021-07-19T12:20:08.000Z
#nottiazzurre	0	2021-07-19T12:17:56.000Z
#oraimo	0	2021-07-19T12:31:58.000Z
#explorewithoraimo	0	2021-07-19T12:31:58.000Z
#aajtak	0	2021-07-19T12:48:41.000Z
#seinemaritime	0	2021-07-19T12:31:59.000Z
#hamiltonvsverstappen	0	2021-07-19T12:48:18.000Z
#celticfc	0	2021-07-19T12:48:33.000Z
#celtic	0	2021-07-19T12:48:33.000Z
#dearerica	0	2021-07-19T12:48:08.000Z
#dilorenzo	0	2021-07-19T14:13:05.000Z
#locatelli	0	2021-07-19T20:14:29.000Z
#worldsoccer	0	2021-07-19T12:47:25.000Z
#worldfirst	0	2021-07-19T12:47:15.000Z
#indomitablebsf	0	2021-07-19T12:44:57.000Z
#mls	0	2021-07-19T14:58:51.000Z
#tricolorespelomundo	0	2021-07-19T13:17:09.000Z
#g	0	2021-07-19T12:39:36.000Z
#poliziadistato	0	2021-07-19T12:38:44.000Z
#bandamusicale	0	2021-07-19T12:38:44.000Z
#bo	0	2021-07-19T14:55:48.000Z
#ometveksib	0	2021-07-19T12:38:00.000Z
#ometvhot	0	2021-07-19T12:38:00.000Z
#openbo	0	2021-07-19T12:38:00.000Z
#longcovid	0	2021-07-19T12:37:47.000Z
#socialmedianews	0	2021-07-19T12:35:32.000Z
#socialmedia	0	2021-07-19T15:19:02.000Z
#0ucl	0	2021-07-19T12:35:18.000Z
#normandie	0	2021-07-19T12:31:59.000Z
#bonus	0	2021-07-19T11:08:45.000Z
#parisportif	0	2021-07-19T11:08:45.000Z
#maguire	0	2021-07-19T14:34:18.000Z
#stats	0	2021-07-19T10:01:58.000Z
#azz	0	2021-07-19T10:07:17.000Z
#reel	0	2021-07-19T10:06:19.000Z
#vintageservingtray	0	2021-07-19T10:04:41.000Z
#dynamisch	0	2021-07-19T10:04:00.000Z
#persoonlijk	0	2021-07-19T10:04:00.000Z
#onafhankelijk	0	2021-07-19T10:04:00.000Z
#carriere	0	2021-07-19T10:04:00.000Z
#coaching	0	2021-07-19T10:04:00.000Z
#fan	0	2021-07-19T16:43:24.000Z
#episode	0	2021-07-19T10:03:19.000Z
#humor	0	2021-07-19T10:02:16.000Z
#delta	0	2021-07-19T20:09:06.000Z
#dashcam	0	2021-07-19T10:29:12.000Z
#europa	0	2021-07-19T14:19:46.000Z
#fridayfeeling	0	2021-07-19T10:00:07.000Z
#status4northandeastsyria	0	2021-07-19T09:57:42.000Z
#indonesia	0	2021-07-19T09:57:24.000Z
#tokocrypto	0	2021-07-19T09:57:24.000Z
#forextrader	0	2021-07-19T09:57:24.000Z
#trader	0	2021-07-19T09:57:24.000Z
#bitcoin	0	2021-07-19T18:44:42.000Z
#followforfollowback	0	2021-07-19T09:57:24.000Z
#sahamindonesia	0	2021-07-19T09:57:24.000Z
#saham	0	2021-07-19T09:57:24.000Z
#win	0	2021-07-19T13:03:46.000Z
#meolemmesuomi	0	2021-07-19T11:21:15.000Z
#bancamiga	0	2021-07-19T10:12:17.000Z
#eutanasialegale	0	2021-07-19T10:12:57.000Z
#ernhrung	0	2021-07-19T10:28:04.000Z
#wembleyfans	0	2021-07-19T10:27:14.000Z
#norfo	0	2021-07-19T10:24:51.000Z
#engvita	0	2021-07-19T10:24:51.000Z
#goals	0	2021-07-19T14:15:17.000Z
#equalgame	0	2021-07-19T10:24:29.000Z
#wimbledon	0	2021-07-19T20:09:06.000Z
#player	0	2021-07-19T10:24:07.000Z
#lifeissimple	0	2021-07-19T10:23:08.000Z
#airports	0	2021-07-19T10:20:59.000Z
#londons	0	2021-07-19T10:20:59.000Z
#manchesterutd	0	2021-07-19T11:41:49.000Z
#barcellona	0	2021-07-19T11:41:49.000Z
#vandebeek	0	2021-07-19T19:54:34.000Z
#grazieazzurri	0	2021-07-19T10:20:07.000Z
#bsports	0	2021-07-19T10:19:31.000Z
#olympics	0	2021-07-19T19:09:51.000Z
#ai	0	2021-07-19T10:17:53.000Z
#havertz	0	2021-07-19T12:47:13.000Z
#polonia	0	2021-07-19T10:16:11.000Z
#benevento	0	2021-07-19T10:16:11.000Z
#udinese	0	2021-07-19T10:16:11.000Z
#boycottqatar2022	0	2021-07-19T10:14:20.000Z
#forex	0	2021-07-19T13:16:24.000Z
#indodax	0	2021-07-19T09:57:24.000Z
#reels	0	2021-07-19T09:57:24.000Z
#verde	0	2021-07-19T15:44:07.000Z
#rangersfc	0	2021-07-19T15:40:40.000Z
#kemarroofe	0	2021-07-19T15:40:40.000Z
#apple	0	2021-07-19T15:40:28.000Z
#views	0	2021-07-19T15:40:28.000Z
#copalibertadores	0	2021-07-19T15:40:28.000Z
#weltklassesocialmedia	0	2021-07-19T14:38:46.000Z
#fca	0	2021-07-19T14:38:46.000Z
#bts	0	2021-07-19T17:23:46.000Z
#fifa21	0	2021-07-19T18:17:02.000Z
#razzismo	0	2021-07-19T17:47:50.000Z
#gattuso	0	2021-07-19T17:47:50.000Z
#tunisie	0	2021-07-19T14:35:47.000Z
#johnsonout	0	2021-07-19T14:35:29.000Z
#radio	0	2021-07-19T14:35:26.000Z
#buenosdias	0	2021-07-19T14:34:43.000Z
#granada	0	2021-07-19T14:34:43.000Z
#felizmartes	0	2021-07-19T15:00:24.000Z
#madrid	0	2021-07-19T15:00:24.000Z
#corners	0	2021-07-19T15:00:24.000Z
#retouch	0	2021-07-19T15:00:24.000Z
#jewelry	0	2021-07-19T15:00:24.000Z
#photographer	0	2021-07-19T15:00:24.000Z
#photography	0	2021-07-19T15:00:24.000Z
#jointhejourney	0	2021-07-19T15:43:04.000Z
#euroskills	0	2021-07-19T06:17:23.000Z
#rekeningku	0	2021-07-19T10:06:19.000Z
#eidaladha	0	2021-07-19T19:11:24.000Z
#nftcollectors	0	2021-07-19T10:06:19.000Z
#nftartist	0	2021-07-19T18:44:42.000Z
#nazi	0	2021-07-19T09:53:32.000Z
#draghi	0	2021-07-19T14:19:46.000Z
#palazzochigi	0	2021-07-19T09:53:32.000Z
#azzu	0	2021-07-19T09:53:24.000Z
#quirinale	0	2021-07-19T11:36:20.000Z
#miracolo	0	2021-07-19T10:02:16.000Z
#lesmythosdelasemaine	0	2021-07-19T09:53:00.000Z
#supporters	0	2021-07-19T15:14:20.000Z
#euro2020-anlass	0	2021-07-19T09:52:56.000Z
#challengecup	0	2021-07-19T15:49:03.000Z
#vaccinatevi	0	2021-07-19T15:48:35.000Z
#prudenza	0	2021-07-19T15:48:35.000Z
#na	0	2021-07-19T20:33:23.000Z
#casaazzurri	0	2021-07-19T20:33:23.000Z
#qurbaniwithminhaj	0	2021-07-19T15:47:55.000Z
#quotes	0	2021-07-19T15:47:55.000Z
#hajjmubarak	0	2021-07-19T15:47:55.000Z
#hajj	0	2021-07-19T15:47:55.000Z
#lokiwednesdays	0	2021-07-19T15:47:55.000Z
#elonmusk	0	2021-07-19T16:53:21.000Z
#eidmubarak	0	2021-07-19T15:47:55.000Z
#olym	0	2021-07-19T10:28:34.000Z
#casino	0	2021-07-19T13:16:03.000Z
#gagnez	0	2021-07-19T11:08:45.000Z
#szczesny	0	2021-07-19T10:56:25.000Z
#nftdrop	0	2021-07-19T15:30:00.000Z
#cromos	0	2021-07-19T15:30:00.000Z
#sorare	0	2021-07-19T15:30:00.000Z
#italyvsengfinal	0	2021-07-19T14:58:05.000Z
#unforgettable	0	2021-07-19T20:11:08.000Z
#enhypen_ni_ki	0	2021-07-19T10:55:49.000Z
#euro2021final	0	2021-07-19T10:55:32.000Z
#eurovisionagain	0	2021-07-19T10:57:52.000Z
#eccellenzaitaliana	0	2021-07-19T14:14:28.000Z
#conou	0	2021-07-19T14:14:28.000Z
#demiral	0	2021-07-19T10:56:25.000Z
#pioli	0	2021-07-19T10:44:34.000Z
#monday	0	2021-07-19T10:31:02.000Z
#freedumbday	0	2021-07-19T10:43:32.000Z
#peakyblinders	0	2021-07-19T20:12:36.000Z
#napoli	0	2021-07-19T17:38:55.000Z
#transfers	0	2021-07-19T10:42:10.000Z
#inter	0	2021-07-19T17:36:03.000Z
#mcfc	0	2021-07-19T18:15:27.000Z
#afc	0	2021-07-19T17:41:11.000Z
#grealish	0	2021-07-19T10:41:39.000Z
#footballscominghome	0	2021-07-19T19:48:43.000Z
#ifb	0	2021-07-19T11:58:09.000Z
#espn	0	2021-07-19T13:24:22.000Z
#nftartists	0	2021-07-19T15:30:00.000Z
#nftgiveaway	0	2021-07-19T15:30:00.000Z
#nftcollectibles	0	2021-07-19T15:30:00.000Z
#nftartfinance	0	2021-07-19T15:30:00.000Z
#africa	0	2021-07-19T11:08:45.000Z
#mali	0	2021-07-19T11:08:45.000Z
#gabon	0	2021-07-19T11:08:45.000Z
#kinshasa	0	2021-07-19T11:08:45.000Z
#burkina	0	2021-07-19T11:08:45.000Z
#congo	0	2021-07-19T11:08:45.000Z
#cameroun	0	2021-07-19T11:08:45.000Z
#snegal	0	2021-07-19T11:08:45.000Z
#civ	0	2021-07-19T11:08:45.000Z
#rdc	0	2021-07-19T11:08:45.000Z
#bnin	0	2021-07-19T11:08:45.000Z
#togo	0	2021-07-19T11:08:45.000Z
#49ers	0	2021-07-19T11:07:20.000Z
#tomcruise	0	2021-07-19T12:50:28.000Z
#captainhindsight	0	2021-07-19T11:05:21.000Z
#artdecogrinder	0	2021-07-19T11:04:40.000Z
#wwf	0	2021-07-19T11:03:19.000Z
#salviamolalontra	0	2021-07-19T11:03:19.000Z
#streamandwin	0	2021-07-19T11:00:21.000Z
#boomplayxoraimo	0	2021-07-19T11:00:21.000Z
#euro	0	2021-07-19T14:58:51.000Z
#erc721	0	2021-07-19T15:30:00.000Z
#ethereum	0	2021-07-19T18:44:42.000Z
#jo2021	0	2021-07-19T11:58:09.000Z
#matchday	0	2021-07-19T11:58:09.000Z
#beinsports	0	2021-07-19T13:24:22.000Z
#corona-lockerungen	0	2021-07-19T10:36:28.000Z
#giveaway	0	2021-07-19T11:58:09.000Z
#adobe	0	2021-07-19T10:36:13.000Z
#goaloftheseason	0	2021-07-19T16:50:29.000Z
#oldtrafford	0	2021-07-19T10:34:16.000Z
#classicfootballshirts	0	2021-07-19T10:34:16.000Z
#manutd	0	2021-07-19T10:34:16.000Z
#zlatan	0	2021-07-19T10:34:16.000Z
#mufc	0	2021-07-19T18:58:29.000Z
#ligue1	0	2021-07-19T12:23:06.000Z
#covid	0	2021-07-19T20:29:22.000Z
#parma	0	2021-07-19T10:32:30.000Z
#acmilan	0	2021-07-19T20:40:55.000Z
#milan	0	2021-07-19T17:36:03.000Z
#600k	0	2021-07-19T10:31:32.000Z
#showusthemoney	0	2021-07-19T10:31:32.000Z
#basketball	0	2021-07-19T11:46:44.000Z
#rugby	0	2021-07-19T10:31:15.000Z
#golf	0	2021-07-19T12:41:14.000Z
#shushka	0	2021-07-19T10:31:15.000Z
#cricket	0	2021-07-19T10:31:15.000Z
#tennis	0	2021-07-19T10:31:15.000Z
#gossip	0	2021-07-19T13:01:55.000Z
#headlines	0	2021-07-19T10:31:15.000Z
#competition	0	2021-07-19T19:23:03.000Z
#endirect	0	2021-07-19T13:24:22.000Z
#jfb	0	2021-07-19T11:58:09.000Z
#hamiliton	0	2021-07-19T10:36:54.000Z
#bets	0	2021-07-19T11:58:09.000Z
#1xbet	0	2021-07-19T13:40:06.000Z
#reality	0	2021-07-19T10:45:24.000Z
#liveline	0	2021-07-19T10:45:24.000Z
#live	0	2021-07-19T17:38:36.000Z
#dogecoin	0	2021-07-19T10:45:24.000Z
#sangeberat	0	2021-07-19T19:53:30.000Z
#realaccount	0	2021-07-19T19:53:30.000Z
#realangel	0	2021-07-19T10:45:24.000Z
#vcsreal	0	2021-07-19T19:53:30.000Z
#vcsberbayar	0	2021-07-19T19:53:30.000Z
#vcstrusted	0	2021-07-19T19:53:30.000Z
#vcscolmek	0	2021-07-19T19:53:30.000Z
#vcs	0	2021-07-19T19:53:30.000Z
#soccerstickers	0	2021-07-19T11:14:45.000Z
#stickers	0	2021-07-19T11:14:45.000Z
#tradingcards	0	2021-07-19T11:14:45.000Z
#camavinga	0	2021-07-19T11:14:45.000Z
#eduardocamavinga	0	2021-07-19T11:14:45.000Z
#figurine	0	2021-07-19T18:31:39.000Z
#figurinepanini	0	2021-07-19T18:31:39.000Z
#bbcindia	0	2021-07-19T10:38:34.000Z
#leclerc	0	2021-07-19T10:36:54.000Z
#dream11team	0	2021-07-19T12:08:54.000Z
